drugbankID,Result
DB00441,C1=CN(C(=O)N=C1N)C2C(C(C(O2)CO)O)(F)F
DB00544,C1=C(C(=O)NC(=O)N1)F
DB01101,CCCCCOC(=O)NC1=NC(=O)N(C=C1F)C2C(C(C(O2)C)O)O
DB11672,COC1=C(C=CC(=C1)C=CC(=O)CC(=O)C=CC2=CC(=C(C=C2)O)OC)O
DB00987,C1=CN(C(=O)N=C1N)C2C(C(C(O2)CO)O)O
DB00997,CC1C(C(CC(O1)OC2CC(CC3=C2C(=C4C(=C3O)C(=O)C5=C(C4=O)C(=CC=C5)OC)O)(C(=O)CO)O)N)O
DB00467,CCN1C=C(C(=O)C2=CC(=C(N=C21)N3CCNCC3)F)C(=O)O
DB00445,CC1C(C(CC(O1)OC2CC(CC3=C2C(=C4C(=C3O)C(=O)C5=C(C4=O)C(=CC=C5)OC)O)(C(=O)CO)O)N)O
DB00783,CC12CCC3C(C1CCC2O)CCC4=C3C=CC(=C4)O
DB00773,CC1OCC2C(O1)C(C(C(O2)OC3C4COC(=O)C4C(C5=CC6=C(C=C35)OCO6)C7=CC(=C(C(=C7)OC)O)OC)O)O
DB03843,C=O
DB01611,CCN(CCCC(C)NC1=C2C=CC(=CC2=NC=C1)Cl)CCO
DB00619,CC1=C(C=C(C=C1)NC(=O)C2=CC=C(C=C2)CN3CCN(CC3)C)NC4=NC=CC(=N4)C5=CN=CC=C5
DB00331,CN(C)C(=N)N=C(N)N
DB06999,CCCS(=O)(=O)NC1=C(C(=C(C=C1)F)C(=O)C2=CNC3=C2C=C(C=N3)Cl)F
DB01229,CC1=C2C(C(=O)C3(C(CC4C(C3C(C(C2(C)C)(CC1OC(=O)C(C(C5=CC=CC=C5)NC(=O)C6=CC=CC=C6)O)O)OC(=O)C7=CC=CC=C7)(CO4)OC(=O)C)O)C)OC(=O)C
DB00635,CC12CC(=O)C3C(C1CCC2(C(=O)CO)O)CCC4=CC(=O)C=CC34C
DB00755,CC1=C(C(CCC1)(C)C)C=CC(=CC=CC(=CC(=O)O)C)C
DB04297,CC(C=C(C)C=CC(=O)NO)C(=O)C1=CC=C(C=C1)N(C)C
DB00169,CC(C)CCCC(C)C1CCC2C1(CCCC2=CC=C3CC(CCC3=C)O)C
DB01880,C1=CC(=C(C=C1C=CC(=O)O)O)O
DB07767,COC1=C(C=CC(=C1)C=CC(=O)O)O
DB02546,C1=CC=C(C=C1)NC(=O)CCCCCCC(=O)NO
DB00984,CC12CCC3C(C1CCC2OC(=O)CCC4=CC=CC=C4)CCC5=CC(=O)CCC35
DB00715,C1CNCC(C1C2=CC=C(C=C2)F)COC3=CC4=C(C=C3)OCO4
DB00675,CCC(=C(C1=CC=CC=C1)C2=CC=C(C=C2)OCCN(C)C)C3=CC=CC=C3
DB07374,CC(=O)OC1C(CNC1CC2=CC=C(C=C2)OC)O
DB06973,CC(C)(C1=CC=C(C=C1)O)C2=CC=C(C=C2)O
DB00694,CC1C(C(CC(O1)OC2CC(CC3=C2C(=C4C(=C3O)C(=O)C5=C(C4=O)C(=CC=C5)OC)O)(C(=O)C)O)N)O
DB01248,CC1=C2C(C(=O)C3(C(CC4C(C3C(C(C2(C)C)(CC1OC(=O)C(C(C5=CC=CC=C5)NC(=O)OC(C)(C)C)O)O)OC(=O)C6=CC=CC=C6)(CO4)OC(=O)C)O)C)O
DB00530,COCCOC1=C(C=C2C(=C1)C(=NC=N2)NC3=CC=CC(=C3)C#C)OCCOC
DB00947,CC12CCC3C(C1CCC2O)C(CC4=C3C=CC(=C4)O)CCCCCCCCCS(=O)CCCC(C(F)(F)F)(F)F
DB00317,COC1=C(C=C2C(=C1)N=CN=C2NC3=CC(=C(C=C3)F)Cl)OCCCN4CCOCC4
DB00860,CC12CC(C3C(C1CCC2(C(=O)CO)O)CCC4=CC(=O)C=CC34C)O
DB00877,CC1CCC2CC(C(=CC=CC=CC(CC(C(=O)C(C(C(=CC(C(=O)CC(OC(=O)C3CCCCN3C(=O)C(=O)C1(O2)O)C(C)CC4CCC(C(C4)OC)O)C)C)O)OC)C)C)C)OC
DB00398,CNC(=O)C1=NC=CC(=C1)OC2=CC=C(C=C2)NC(=O)NC3=CC(=C(C=C3)Cl)C(F)(F)F
DB00907,CN1C2CCC1C(C(C2)OC(=O)C3=CC=CC=C3)C(=O)OC
DB00853,CN1C(=O)N2C=NC(=C2N=N1)C(=O)N
DB01128,CC(CS(=O)(=O)C1=CC=C(C=C1)F)(C(=O)NC2=CC(=C(C=C2)C#N)C(F)(F)F)O
DB03756,CCC=CCC=CCC=CCC=CCC=CCC=CCCC(=O)O
DB01643,CC1=CN(C(=O)NC1=O)C2CC(C(O2)COP(=O)(O)O)O
DB00661,CC(C)C(CCCN(C)CCC1=CC(=C(C=C1)OC)OC)(C#N)C2=CC(=C(C=C2)OC)OC
DB01262,C1C(C(OC1N2C=NC(=NC2=O)N)CO)O
DB04703,CC1C(C(C(C(O1)OCC2C(C(C(C(O2)OC3=CC(=C4C(=O)CC(OC4=C3)C5=CC(=C(C=C5)OC)O)O)O)O)O)O)O)O
DB01006,C1=CC(=CC=C1C#N)C(C2=CC=C(C=C2)C#N)N3C=NC=N3
DB12385,CCC1(C2=C(COC1=O)C(=O)N3CC4=C(C3=C2)N=C5C=CC(=CC5=C4)O)O
DB00650,C1C(N(C2=C(N1)N=C(NC2=O)N)C=O)CNC3=CC=C(C=C3)C(=O)NC(CCC(=O)O)C(=O)O
DB00526,C1CCC(C(C1)N)N.C(=O)(C(=O)O)O.[Pt+2]
DB00570,CCC1(CC2CC(C3=C(CCN(C2)C1)C4=CC=CC=C4N3)(C5=C(C=C6C(=C5)C78CCN9C7C(C=CC9)(C(C(C8N6C)(C(=O)OC)O)OC(=O)C)CC)OC)C(=O)OC)O
DB00480,C1CC(=O)NC(=O)C1N2CC3=C(C2=O)C=CC=C3N
DB14086,C1C(C(OC2=CC(=CC(=C21)O)O)C3=CC(=C(C=C3)O)O)O
DB11091,OO
DB03796,CCCCCCCCCCCCCCCC(=O)O
DB06728,C1=CC=C(C=C1)N
DB01590,CC1CCC2CC(C(=CC=CC=CC(CC(C(=O)C(C(C(=CC(C(=O)CC(OC(=O)C3CCCCN3C(=O)C(=O)C1(O2)O)C(C)CC4CCC(C(C4)OC)OCCO)C)C)O)OC)C)C)C)OC
DB08881,CCCS(=O)(=O)NC1=C(C(=C(C=C1)F)C(=O)C2=CNC3=C2C=C(C=N3)C4=CC=C(C=C4)Cl)F
DB00188,B(C(CC(C)C)NC(=O)C(CC1=CC=CC=C1)NC(=O)C2=NC=CN=C2)(O)O
DB00091,CCC1C(=O)N(CC(=O)N(C(C(=O)NC(C(=O)N(C(C(=O)NC(C(=O)NC(C(=O)N(C(C(=O)N(C(C(=O)N(C(C(=O)N(C(C(=O)N1)C(C(C)CC=CC)O)C)C(C)C)C)CC(C)C)C)CC(C)C)C)C)C)CC(C)C)C)C(C)C)CC(C)C)C)C
DB12340,CC1(CCC(=C(C1)CN2CCN(CC2)C3=CC=C(C=C3)C(=O)NS(=O)(=O)C4=CC(=C(C=C4)NC(CCN5CCOCC5)CSC6=CC=CC=C6)S(=O)(=O)C(F)(F)F)C7=CC=C(C=C7)Cl)C
DB00396,CC(=O)C1CCC2C1(CCC3C2CCC4=CC(=O)CCC34C)C
DB04690,CCC1(C2=C(COC1=O)C(=O)N3CC4=CC5=CC=CC=C5N=C4C3=C2)O
DB00295,CN1CCC23C4C1CC5=C2C(=C(C=C5)O)OC3C(C=C4)O
DB09074,C1CC1C(=O)N2CCN(CC2)C(=O)C3=C(C=CC(=C3)CC4=NNC(=O)C5=CC=CC=C54)F
DB00255,CCC(=C(CC)C1=CC=C(C=C1)O)C2=CC=C(C=C2)O
DB04540,CC(C)CCCC(C)C1CCC2C1(CCC3C2CC=C4C3(CCC(C4)O)C)C
DB08117,CC(=O)NC1CCC2=CC(=C(C(=C2C3=CC=C(C(=O)C=C13)OC)OC)OC)OC
DB00149,CC(C)CC(C(=O)O)N
DB01268,CCN(CC)CCNC(=O)C1=C(NC(=C1C)C=C2C3=C(C=CC(=C3)F)NC2=O)C
DB07715,CC1=CC2=C(C(=C1)O)C(=O)C3=C(C2=O)C=C(C=C3O)O
DB03575,C1CCC(CC1)(C2=CC=CC=C2)N3CCCCC3
DB00126,C(C(C1C(=C(C(=O)O1)O)O)O)O
DB00136,CC(CCCC(C)(C)O)C1CCC2C1(CCCC2=CC=C3CC(CC(C3=C)O)O)C
DB00624,CC12CCC3C(C1CCC2O)CCC4=CC(=O)CCC34C
DB00316,CC(=O)NC1=CC=C(C=C1)O
DB00811,C1=NC(=NN1C2C(C(C(O2)CO)O)O)C(=O)N
DB08823,CCC1CCCC(C(C(=O)C2=CC3C4CC(CC4C=CC3C2CC(=O)O1)OC5C(C(C(C(O5)C)OC)OC)OC)C)OC6CCC(C(O6)C)N(C)C.CCC1CCCC(C(C(=O)C2=CC3C4CC(CC4C(=CC3C2CC(=O)O1)C)OC5C(C(C(C(O5)C)OC)OC)OC)C)OC6CCC(C(O6)C)N(C)C
DB04786,CC1=C(C=C(C=C1)C(=O)NC2=C3C(=CC(=CC3=C(C=C2)S(=O)(=O)O)S(=O)(=O)O)S(=O)(=O)O)NC(=O)C4=CC(=CC=C4)NC(=O)NC5=CC=CC(=C5)C(=O)NC6=C(C=CC(=C6)C(=O)NC7=C8C(=CC(=CC8=C(C=C7)S(=O)(=O)O)S(=O)(=O)O)S(=O)(=O)O)C
DB02901,CC12CCC(=O)CC1CCC3C2CCC4(C3CCC4O)C
DB00322,C1C(C(OC1N2C=C(C(=O)NC2=O)F)CO)O
DB00762,CCC1=C2CN3C(=CC4=C(C3=O)COC(=O)C4(CC)O)C2=NC5=C1C=C(C=C5)OC(=O)N6CCC(CC6)N7CCCCC7
DB01030,CCC1(C2=C(COC1=O)C(=O)N3CC4=CC5=C(C=CC(=C5CN(C)C)O)N=C4C3=C2)O
DB01076,CC(C)C1=C(C(=C(N1CCC(CC(CC(=O)O)O)O)C2=CC=C(C=C2)F)C3=CC=CC=C3)C(=O)NC4=CC=CC=C4
DB14010,CN(C)CCC1=CNC2=C1C=C(C=C2)OC
DB01151,CNCCCN1C2=CC=CC=C2CCC3=CC=CC=C31
DB00472,CNCCC(C1=CC=CC=C1)OC2=CC=C(C=C2)C(F)(F)F
DB00333,CCC(=O)C(CC(C)N(C)C)(C1=CC=CC=C1)C2=CC=CC=C2
DB00422,COC(=O)C(C1CCCCN1)C2=CC=CC=C2
DB01488,CN(C)CCC1=CNC2=CC=CC=C21
DB12007,C1=CC=C(C=C1)C2=COC3=CC=CC=C3C2=O
DB00313,CCCC(CCC)C(=O)O
DB00898,CCO
DB00928,C1=NC(=NC(=O)N1C2C(C(C(O2)CO)O)O)N
DB01234,CC1CC2C3CCC4=CC(=O)C=CC4(C3(C(CC2(C1(C(=O)CO)O)C)O)F)C
DB01577,CC(CC1=CC=CC=C1)NC
DB12218,C1CN(CCC1(C(=O)NC(CCO)C2=CC=C(C=C2)Cl)N)C3=NC=NC4=C3C=CN4
DB12774,CC1COCCN1C2=NC(=NC3=C2C=CC(=N3)C4=CC(=C(C=C4)OC)CO)N5CCOCC5C
DB12015,CC1=C(SC(=N1)NC(=O)N2CCCC2C(=O)N)C3=CC(=NC=C3)C(C)(C)C(F)(F)F
DB00290,CC1=C(N=C(N=C1N)C(CC(=O)N)NCC(C(=O)N)N)C(=O)NC(C(C2=CN=CN2)OC3C(C(C(C(O3)CO)O)O)OC4C(C(C(C(O4)CO)O)OC(=O)N)O)C(=O)NC(C)C(C(C)C(=O)NC(C(C)O)C(=O)NCCC5=NC(=CS5)C6=NC(=CS6)C(=O)NCCC[S+](C)C)O
DB12116,C1C(C(OC2=CC(=CC(=C21)O)O)C3=CC(=C(C(=C3)O)O)O)OC(=O)C4=CC(=C(C(=C4)O)O)O
DB11730,CN(C)C(=O)C1=CC2=CN=C(N=C2N1C3CCCC3)NC4=NC=C(C=C4)N5CCNCC5
DB08911,CC1=C2C(=C(N(C1=O)C)NC3=C(C=C(C=C3)I)F)C(=O)N(C(=O)N2C4=CC=CC(=C4)NC(=O)C)C5CC5
DB03904,C(=O)(N)N
DB01645,C1=CC(=CC=C1C2=COC3=CC(=CC(=C3C2=O)O)O)O
DB01217,CC(C)(C#N)C1=CC(=CC(=C1)CN2C=NC=N2)C(C)(C)C#N
DB00990,CC12CCC3C(C1CCC2=O)CC(=C)C4=CC(=O)C=CC34C
DB01204,C1=CC(=C2C(=C1NCCNCCO)C(=O)C3=C(C=CC(=C3C2=O)O)O)NCCNCCO
DB01254,CC1=C(C(=CC=C1)Cl)NC(=O)C2=CN=C(S2)NC3=CC(=NC(=N3)C)N4CCN(CC4)CCO
DB01181,C1CN(P(=O)(OC1)NCCCl)CCCl
DB00710,CCCCCN(C)CCC(O)(P(=O)(O)O)P(=O)(O)O
DB01700,C1=NC(=C(N1C2C(C(C(O2)COP(=O)(O)O)O)O)N)C(=O)N
DB05134,CC1CC(C(C(C=C(C(C(C=CC=C(C(=O)NC2=CC(=O)C(=C(C1)C2=O)NCC=C)C)OC)OC(=O)N)C)C)O)OC
DB07101,C1=CC(=C(C=C1I)F)NC2=C(C=CC(=C2F)F)C(=O)NOCC(CO)O
DB01221,CNC1(CCCCC1=O)C2=CC=CC=C2Cl
DB00563,CN(CC1=CN=C2C(=N1)C(=NC(=N2)N)N)C3=CC=C(C=C3)C(=O)NC(CCC(=O)O)C(=O)O
DB00482,CC1=CC=C(C=C1)C2=CC(=NN2C3=CC=C(C=C3)S(=O)(=O)N)C(F)(F)F
DB02709,C1=CC(=CC=C1C=CC2=CC(=CC(=C2)O)O)O
DB00452,C1C(C(C(C(C1N)OC2C(C(C(C(O2)CN)O)O)N)OC3C(C(C(O3)CO)OC4C(C(C(C(O4)CN)O)O)N)O)O)N
DB12025,CC(C)C12C(O1)C3C4(O3)C5(CCC6=C(C5CC7C4(C2O)O7)COC6=O)C
DB00917,CCCCCC(C=CC1C(CC(=O)C1CC=CCCCC(=O)O)O)O
DB04263,CC(C1C(C(C(C(O1)OC2C(CC(C(C2O)OC3C(C(C(CO3)(C)O)NC)O)N)N)N)O)O)O
DB00818,CC(C)C1=C(C(=CC=C1)C(C)C)O
DB04216,C1=CC(=C(C=C1C2=C(C(=O)C3=C(C=C(C=C3O2)O)O)O)O)O
DB01586,CC(CCC(=O)O)C1CCC2C1(CCC3C2C(CC4C3(CCC(C4)O)C)O)C
DB00133,C(C(C(=O)O)N)O
DB00305,CC1=C(C(=O)C2=C(C1=O)N3CC4C(C3(C2COC(=O)N)OC)N4)N
DB00388,CNCC(C1=CC(=CC=C1)O)O
DB00412,CN(CCOC1=CC=C(C=C1)CC2C(=O)NC(=O)S2)C3=CC=CC=N3
DB02010,CC12C(C(CC(O1)N3C4=CC=CC=C4C5=C6C(=C7C8=CC=CC=C8N2C7=C53)CNC6=O)NC)OC
DB05482,CCC1=C2CN3C(=CC4=C(C3=O)COC(=O)C4(CC)O)C2=NC5=C1C=C(C=C5)O
DB08916,CN(C)CC=CC(=O)NC1=C(C=C2C(=C1)C(=NC=N2)NC3=CC(=C(C=C3)F)Cl)OC4CCOC4
DB06809,C1CNCCNCCCN(CCNC1)CC2=CC=C(C=C2)CN3CCCNCCNCCCNCC3
DB00184,CN1CCCC1C2=CN=CC=C2
DB01058,C1CCC(CC1)C(=O)N2CC3C4=CC=CC=C4CCN3C(=O)C2
DB13182,C1=CC(=CC=C1C2=COC3=C(C2=O)C=CC(=C3)O)O
DB01073,C1=NC2=C(N=C(N=C2N1C3C(C(C(O3)CO)O)O)F)N
DB08865,CC(C1=C(C=CC(=C1Cl)F)Cl)OC2=C(N=CC(=C2)C3=CN(N=C3)C4CCNCC4)N
DB03585,CCCCC1C(=O)N(N(C1=O)C2=CC=C(C=C2)O)C3=CC=CC=C3
DB01169,O=[As]O[As]=O
DB00531,C1CNP(=O)(OC1)N(CCCl)CCCl
DB00254,CC1C2C(C3C(C(=O)C(=C(C3(C(=O)C2=C(C4=C1C=CC=C4O)O)O)O)C(=O)N)N(C)C)O
DB00668,CNCC(C1=CC(=C(C=C1)O)O)O
DB00678,CCCCC1=NC(=C(N1CC2=CC=C(C=C2)C3=CC=CC=C3C4=NNN=N4)CO)Cl
DB00759,CC1(C2CC3C(C(=O)C(=C(C3(C(=O)C2=C(C4=C1C=CC=C4O)O)O)O)C(=O)N)N(C)C)O
DB00152,CC1=C(SC=[N+]1CC2=CN=C(N=C2N)C)CCO
DB00352,C1=NC2=C(N1)C(=S)N=C(N2)N
DB08844,C12=C(NC(=O)N1)NC(=O)NC2=O
DB01042,C1=CC(=CC=C1CC(C(=O)O)N)N(CCCl)CCCl
DB01708,CC12CCC3C(C1CCC2=O)CC=C4C3(CCC(C4)O)C
DB15533,[O-]S(=O)(=O)[O-].[Ca+2]
DB00523,CC1=C(C(CCC1)(C)C)C=CC(=CC=CC(=CC(=O)O)C)C
DB00603,CC1CC2C(CCC3(C2CCC3(C(=O)C)OC(=O)C)C)C4(C1=CC(=O)CC4)C
DB04868,CC1=C(C=C(C=C1)C(=O)NC2=CC(=CC(=C2)C(F)(F)F)N3C=C(N=C3)C)NC4=NC=CC(=N4)C5=CN=CC=C5
DB01177,CC1C(C(CC(O1)OC2CC(CC3=C2C(=C4C(=C3O)C(=O)C5=CC=CC=C5C4=O)O)(C(=O)C)O)N)O
DB00444,COC1=CC(=CC(=C1O)OC)C2C3C(COC3=O)C(C4=CC5=C(C=C24)OCO5)OC6C(C(C7C(O6)COC(O7)C8=CC=CS8)O)O
DB00813,CCC(=O)N(C1CCN(CC1)CCC2=CC=CC=C2)C3=CC=CC=C3
DB08399,C1=CC(=C(C=C1C=CC2=CC(=CC(=C2)O)O)O)O
DB01146,CN1CCC(CC1)OC(C2=CC=CC=C2)C3=CC=CC=C3
DB00888,CN(CCCl)CCCl
DB08437,CN(C)C1=NC=NC2=C1N=CN2C3C(C(C(O3)CO)NC(=O)C(CC4=CC=C(C=C4)OC)N)O
DB12539,CC1=C(SSC1=S)C2=NC=CN=C2
DB00446,C1=CC(=CC=C1C(C(CO)NC(=O)C(Cl)Cl)O)[N+](=O)[O-]
DB12645,CCN(CC)CC1=CC2=C(C=C1)C=C(C=C2)COC(=O)NC3=CC=C(C=C3)C(=O)NO
DB01174,CCC1(C(=O)NC(=O)NC1=O)C2=CC=CC=C2
DB00499,CC(C)C(=O)NC1=CC(=C(C=C1)[N+](=O)[O-])C(F)(F)F
DB02998,CC1(CCC2C1(C=CC3=C4CCC(=O)C=C4CCC23)C)O
DB00262,C(CCl)NC(=O)N(CCCl)N=O
DB03010,CC1CCCC2(C(O2)CC(OC(=O)CC(C(C(=O)C(C1O)C)(C)C)O)C(=CC3=CSC(=N3)C)C)C
DB13108,CC1=CC=C(C=C1)C(=O)C(C)NC
DB12093,COC1=C(C2=C(CC3C4=CC(=C(C=C4CCN3C2)OC)OC)C=C1)OC
DB14085,[Cd]
DB01259,CS(=O)(=O)CCNCC1=CC=C(O1)C2=CC3=C(C=C2)N=CN=C3NC4=CC(=C(C=C4)OCC5=CC(=CC=C5)F)Cl
DB00135,C1=CC(=CC=C1CC(C(=O)O)N)O
DB01200,CC(C)CC1C(=O)N2CCCC2C3(N1C(=O)C(O3)(C(C)C)NC(=O)C4CN(C5CC6=C(NC7=CC=CC(=C67)C5=C4)Br)C)O
DB11875,C1=CC=C2C(=C1)C(=CN2)CC3=CNC4=CC=CC=C43
DB04115,COC1=C(C2=C[N+]3=C(C=C2C=C1)C4=CC5=C(C=C4CC3)OCO5)OC
DB12480,CC(=C)C1CCC2(C1C3CCC4C5(CCC(C(C5CCC4(C3(CC2)C)C)(C)C)O)C)C(=O)O
DB08818,CC(=O)NC1C(C(C(OC1O)CO)O)OC2C(C(C(C(O2)C(=O)O)OC3C(C(C(C(O3)CO)O)OC4C(C(C(C(O4)C(=O)O)O)O)O)NC(=O)C)O)O
DB00753,C(C(F)(F)F)(OC(F)F)Cl
DB00227,CCC(C)C(=O)OC1CC(C=C2C1C(C(C=C2)C)CCC3CC(CC(=O)O3)O)C
DB04485,CC1=CN(C(=O)NC1=O)C2CC(C(O2)CO)O
DB09069,COC1=C(C(=C(C=C1)CN2CCNCC2)OC)OC
DB00160,CC(C(=O)O)N
DB01189,C(C(F)(F)F)(OC(F)F)F
DB05767,CC12CCC(C(C1CCC(=C)C2CC=C3C(COC3=O)O)(C)CO)O
DB01356,[Li+]
DB00641,CCC(C)(C)C(=O)OC1CC(C=C2C1C(C(C=C2)C)CCC3CC(CC(=O)O3)O)C
DB00481,C1CCN(CC1)CCOC2=CC=C(C=C2)C(=O)C3=C(SC4=C3C=CC(=C4)O)C5=CC=C(C=C5)O
DB00356,C1=CC2=C(C=C1Cl)NC(=O)O2
DB00758,COC(=O)C(C1=CC=CC=C1Cl)N2CCC3=C(C2)C=CS3
DB03285,C1=CC(=CC=C1C=CC(=O)C2=C(C=C(C=C2)O)O)O
DB01005,C(=O)(N)NO
DB08889,CC(C)CC(C(=O)C1(CO1)C)NC(=O)C(CC2=CC=CC=C2)NC(=O)C(CC(C)C)NC(=O)C(CCC3=CC=CC=C3)NC(=O)CN4CCOCC4
DB09570,B(C(CC(C)C)NC(=O)CNC(=O)C1=C(C=CC(=C1)Cl)Cl)(O)O
DB00139,C(CC(=O)O)C(=O)O
DB00143,C(CC(=O)NC(CS)C(=O)NCC(=O)O)C(C(=O)O)N
DB00822,CCN(CC)C(=S)SSC(=S)N(CC)CC
DB00368,C1=CC(=C(C=C1C(CN)O)O)O
DB00734,CC1=C(C(=O)N2CCCCC2=N1)CCN3CCC(CC3)C4=NOC5=C4C=CC(=C5)F
DB00945,CC(=O)OC1=CC=CC=C1C(=O)O
DB06774,CC(C)C=CCCCCC(=O)NCC1=CC(=C(C=C1)O)OC
DB01016,COC1=C(C=C(C=C1)Cl)C(=O)NCCC2=CC=C(C=C2)S(=O)(=O)NC(=O)NC3CCCCC3
DB04865,CC(C)(CCCC(CC(=O)OC)(C(=O)OC1C2C3=CC4=C(C=C3CCN5C2(CCC5)C=C1OC)OCO4)O)O
DB01065,CC(=O)NCCC1=CNC2=C1C=C(C=C2)OC
DB00121,C1C2C(C(S1)CCCCC(=O)O)NC(=O)N2
DB11828,CCOC1=C(C=C2C(=C1)N=CC(=C2NC3=CC(=C(C=C3)OCC4=CC=CC=N4)Cl)C#N)NC(=O)C=CCN(C)C
DB01373,[Ca]
DB14500,[K]
DB05076,CC1=C(C(CCC1)(C)C)C=CC(=CC=CC(=CC(=O)NC2=CC=C(C=C2)O)C)C
DB04224,CCCCCCCCC=CCCCCCCCC(=O)O
DB00014,CC(C)CC(C(=O)NC(CCCN=C(N)N)C(=O)N1CCCC1C(=O)NNC(=O)N)NC(=O)C(COC(C)(C)C)NC(=O)C(CC2=CC=C(C=C2)O)NC(=O)C(CO)NC(=O)C(CC3=CNC4=CC=CC=C43)NC(=O)C(CC5=CN=CN5)NC(=O)C6CCC(=O)N6
DB00091 ,CCC1C(=O)N(CC(=O)N(C(C(=O)NC(C(=O)N(C(C(=O)NC(C(=O)NC(C(=O)N(C(C(=O)N(C(C(=O)N(C(C(=O)N(C(C(=O)N1)C(C(C)CC=CC)O)C)C(C)C)C)CC(C)C)C)CC(C)C)C)C)C)CC(C)C)C)C(C)C)CC(C)C)C)C
DB08624,C1=CC=C2C(=C1)N=C(S2)C(=O)C(CCCN=C(N)N)N
DB00515,N.N.Cl[Pt+2]Cl
DB00605 ,CC1=C(C2=C(C1=CC3=CC=C(C=C3)S(=O)C)C=CC(=C2)F)CC(=O)O
DB04690 ,CCC1(C2=C(COC1=O)C(=O)N3CC4=CC5=CC=CC=C5N=C4C3=C2)O
DB00444  ,COC1=CC(=CC(=C1O)OC)C2C3C(COC3=O)C(C4=CC5=C(C=C24)OCO5)OC6C(C(C7C(O6)COC(O7)C8=CC=CS8)O)O
DB08399 ,C1=CC(=C(C=C1C=CC2=CC(=CC(=C2)O)O)O)O
DB01249,CC(=O)N(CC(CN(C1=C(C(=C(C(=C1I)C(=O)NCC(CO)O)I)C(=O)NCC(CO)O)I)C(=O)C)O)C2=C(C(=C(C(=C2I)C(=O)NCC(CO)O)I)C(=O)NCC(CO)O)I
DB00536,C(=N)(N)N
DB00541,CCC1(CC2CC(C3=C(CCN(C2)C1)C4=CC=CC=C4N3)(C5=C(C=C6C(=C5)C78CCN9C7C(C=CC9)(C(C(C8N6C=O)(C(=O)OC)O)OC(=O)C)CC)OC)C(=O)OC)O
DB01045,CC1C=CC=C(C(=O)NC2=C(C(=C3C(=C2O)C(=C(C4=C3C(=O)C(O4)(OC=CC(C(C(C(C(C(C1O)C)O)C)OC(=O)C)C)OC)C)C)O)O)C=NN5CCN(CC5)C)C
DB00958,C1CC(C1)(C(=O)O)C(=O)O.N.N.[Pt+2]
DB11616,CC1C(C(CC(O1)OC2CC(CC3=C2C(=C4C(=C3O)C(=O)C5=C(C4=O)C(=CC=C5)OC)O)(C(=O)CO)O)N)OC6CCCCO6
DB12257,[Pt]
DB00361,CCC1=CC2CC(C3=C(CN(C2)C1)C4=CC=CC=C4N3)(C5=C(C=C6C(=C5)C78CCN9C7C(C=CC9)(C(C(C8N6C)(C(=O)OC)O)OC(=O)C)CC)OC)C(=O)OC
DB07352,C1=CC(=CC=C1C2=CC(=O)C3=C(C=C(C=C3O2)O)O)O
DB08901,CC1=C(C=C(C=C1)C(=O)NC2=CC(=C(C=C2)CN3CCN(CC3)C)C(F)(F)F)C#CC4=CN=C5N4N=CC=C5
DB11805,CN1CCN(CC1)CCOC2=CC3=C(C(=C2)OC4CCOCC4)C(=NC=N3)NC5=C(C=CC6=C5OCO6)Cl
DB12130,CC1C2=C(C=CC(=C2)F)C(=O)N(CC3=NN(C(=C3C4=CC(=C(N=C4)N)O1)C#N)C)C
DB12200,C1CC2=C3C(=CC=C2)C(=CN3C1)C4C(C(=O)NC4=O)C5=CNC6=CC=CC=C65
DB06603,CC1=C(C2=CC=CC=C2N1)CCNCC3=CC=C(C=C3)C=CC(=O)NO
DB12985,CN1C=C(C2=CC=CC=C21)CNCC3CCN(CC3)C4=NC=C(C=N4)C(=O)NO
DB12027,C1=CC=C2C(=C1)C(=CN2)CCNC3=CC=C(C=C3)NC4=CC=NC=C4
DB04960,CN1C=NC=C1C(C2=CC=C(C=C2)Cl)(C3=CC4=C(C=C3)N(C(=O)C=C4C5=CC(=CC=C5)Cl)C)N
DB07232,CC1(CCCN1)C2=NC3=C(C=CC=C3N2)C(=O)N
DB08912,CC(C)(C)C1=NC(=C(S1)C2=NC(=NC=C2)N)C3=C(C(=CC=C3)NS(=O)(=O)C4=C(C=CC=C4F)F)F
DB00793,C1=C(C(=CC(=C1Cl)Cl)Cl)OCC#CI
DB02281,C1=NC2=C(NN=C2C(=N1)N)C3C(C(C(O3)CO)O)O
DB00242,C1C(C(OC1N2C=NC3=C(N=C(N=C32)Cl)N)CO)O
DB04198,C1=NC2=C(NN=C2C(=O)N1)C3C(C(C(O3)CO)O)O
DB01092,CC1C(C(C(C(O1)OC2CC(C3(C4C(CCC3(C2)O)C5(CCC(C5(CC4O)C)C6=CC(=O)OC6)O)CO)O)O)O)O
DB14655,CCC(=O)OC1CCC2C1(CCC3C2CCC4C3(CC(C(=O)C4)C)C)C
DB01024,CC1=C2COC(=O)C2=C(C(=C1OC)CC=C(C)CCC(=O)O)O
DB12873,C1C(O1)C(C(C2CO2)O)O
DB04385,C1=CN(C(=O)C=C1N)C2C(C(C(O2)CO)O)O
DB00437,C1=NNC2=C1C(=O)NC=N2
DB01629,C1=C(C(=O)NC(=O)N1C2C(C(C(O2)CO)O)O)F
DB13671,C1N(CSC(=S)N1CC2=CC=CC=C2)CC3=CC=CC=C3
DB05540,C(C(C(=O)O)N)[N+](=NO)[O-]
DB00276,COC1=C(C=CC(=C1)NS(=O)(=O)C)NC2=C3C=CC=CC3=NC4=CC=CC=C42
DB15588,CC1CCC2(CCC3(C(=CCC4C3(CCC5C4(CCC(C5(C)C)O)C)C)C2C1C)C)C(=O)O
DB11145,C1=CC2=C(C(=C1)O)N=CC=C2
DB11617,CCC1(CC(C2=C(C3=C(C=C2C1C(=O)OC)C(=O)C4=C(C3=O)C(=CC=C4)O)O)OC5CC(C(C(O5)C)OC6CC(C(C(O6)C)OC7CCC(=O)C(O7)C)O)N(C)C)O
DB03459,C(C(C(=O)O)NC(=O)CP(=O)(O)O)C(=O)O
DB12450,CCCOC(=O)C1=CC(=C(C(=C1)O)O)O
DB14636,CN1C2=NC=NC3=C2C(=CN3C4C(C(C(O4)COP(=O)(O)O)O)O)C(=N1)N
DB06693,CCC(C)C(=O)OC1CCC=C2C1C(C(C=C2)C)CCC3CC(CC(=O)O3)O
DB13046,C1C2C(C(C(O2)N3C4=NC=NC(=C4N=C3Cl)N)O)OP(=O)(O1)O
DB13243,C1=C(N=C(S1)C2C(C(C(O2)CO)O)O)C(=O)N
DB14056,CC1CCC(OC1C(C)C(=O)O)CC2CC(C(C3(O2)C(CC(O3)(C)C4CCC(O4)(C)C5C(CC(O5)C6C(CC(C(O6)(CO)O)C)C)C)C)C)OC
DB00205,CCC1=C(C(=NC(=N1)N)N)C2=CC=C(C=C2)Cl
DB00291,C1=CC(=CC=C1CCCC(=O)O)N(CCCl)CCCl
DB05022,CN(C)CCN1C(=O)C2=CC=CC3=CC(=CC(=C32)C1=O)N
DB12804,C1C2=C(C=CC(=C2)N)N=C3N1C(=O)C4=CC=CC=C43
DB13793,CCC12CCCN3C1C4=C(CC3)C5=CC=CC=C5N4C(=O)C2
DB15495,CN(C)C(=O)C1C(C2(C(C1O)(C3=C(O2)C=C(C=C3OC)OC)O)C4=CC=C(C=C4)OC)C5=CC=CC=C5
DB15586,C1C=C2C(=CC(=O)O2)C(O1)O
DB00400,CC1CC(=O)C=C(C12C(=O)C3=C(O2)C(=C(C=C3OC)OC)Cl)OC
DB04815,C1=CC2=C(C(=C(C=C2Cl)I)O)N=C1
DB12010,CC1(C(=O)N(C2=C(O1)C=CC(=N2)NC3=NC(=NC=C3F)NC4=CC(=C(C(=C4)OC)OC)OC)COP(=O)(O)O)C
DB03523,CC1=C(C2=C(C=CC(=C2)F)N=C1C3=CC=C(C=C3)C4=CC=CC=C4F)C(=O)O
DB04177,CC12CCC(CC1CCC3C2CCC4(C3(CCC4C5=CC(=O)OC5)O)C)O
DB00170,CC1=CC(=O)C2=CC=CC=C2C1=O
DB12957,C1C(C(OC1N2C=C(C(=NC2=O)N)F)CO)O
DB06478,CC1=C(C(=O)C2=C(C1=O)N3CC4C(C3(C2COC(=O)N)OC)N4C)N
DB12515,CCC1(C2=C(COC1=O)C(=O)N3CC4=CC5=C(C=CC=C5N=C4C3=C2)N)O
DB12996,CC1C(C(C(C(O1)OC2C(C(OC(C2OC(=O)C=CC3=CC(=C(C=C3)O)O)CO)OCCC4=CC(=C(C=C4)O)O)O)O)O)O
DB09031,CCCCCCCCCCCCCCCCOP(=O)([O-])OCC[N+](C)(C)C
DB00631,C1=NC2=C(N=C(N=C2N1C3C(C(C(O3)CO)O)F)Cl)N
DB02621,CC1CCC2CC(CC(O2)(C3CSC(=O)N3)O)OC(=O)C=C(CCC=CC=C1)C
DB13245,CN(C)C(=S)SSC(=S)N(C)C
DB12549,CN(C)CCCN1C2=C3C(=C(C=C2)[N+](=O)[O-])NC4=C(C3=N1)C=C(C=C4)OC
DB11948,CC1(CCC2=C(O1)C3=CC=CC=C3C(=O)C2=O)C
DB11919,C1=CC=C(C=C1)COC2=NC(=NC3=C2NC=N3)N
DB01933,CC12C(C(CC(O1)N3C4=CC=CC=C4C5=C6C(=C7C8=CC=CC=C8N2C7=C53)C(NC6=O)O)NC)OC
DB00293,CC1=NC2=C(C=C(C=C2)CN(C)C3=CC=C(S3)C(=O)NC(CCC(=O)O)C(=O)O)C(=O)N1
DB12156,C1C(OC(C1O)N2C=NC3=C(N=CN=C32)N)CO
DB06641,CCCCCCCCCCCCCCCCCCOP(=O)([O-])OC1CC[N+](CC1)(C)C
DB03496,CN1CCC(C(C1)O)C2=C(C=C(C3=C2OC(=CC3=O)C4=CC=CC=C4Cl)O)O
DB06595,CC12C(C(CC(O1)N3C4=CC=CC=C4C5=C6C(=C7C8=CC=CC=C8N2C7=C53)CNC6=O)N(C)C(=O)C9=CC=CC=C9)OC
DB12709,CCCC(=O)OCC(COC(=O)CCC)OC(=O)CCC
DB11940,C1=CC(=C(N=C1)C=NNC(=S)N)N
DB01097,CC1=C(C=NO1)C(=O)NC2=CC=C(C=C2)C(F)(F)F
DB03001,CC(=CC=CC=CC=C(C)C=C1C=C(C(=O)O1)C=CC23C(CC(CC2(O3)C)O)(C)C)C=C=C4C(CC(CC4(C)O)OC(=O)C)(C)C
DB11965,COC1=C(C=C2C(=C1)C(=O)N3CC(=C)CC3C=N2)OCCCOC4=C(C=C5C(=C4)N=CC6CC(=C)CN6C5=O)OC
DB04090,CC1=C(C(=O)C(=C(C1=O)N2CC2)CO)N3CC3
DB01196,CC12CCC3C(C1CCC2O)CCC4=C3C=CC(=C4)OC(=O)N(CCCl)CCCl
DB04014,C1C2=C(C3=CC=CC=C3NC1=O)NC4=C2C=C(C=C4)[N+](=O)[O-]
DB11841,C1=CC=C(C(=C1)N)NC(=O)C2=CC=C(C=C2)CNC(=O)OCC3=CN=CC=C3
DB08312,C1CCC(CC1)COC2=NC(=NC(=C2N=O)N)N
DB14232,C1=CC=NC(=C1)C(C2=CC=C(C=C2)O)C3=CC=C(C=C3)O
DB00455,CCOC(=O)N1CCC(=C2C3=C(CCC4=C2N=CC=C4)C=C(C=C3)Cl)CC1
DB04655,CC1=C(C(=NC(=N1)N)N)C2=CC(=C(C=C2)Cl)Cl
DB11689,CN1C=NC2=C1C=C(C(=C2F)NC3=C(C=C(C=C3)Br)Cl)C(=O)NOCCO
DB04845,CC1CCCC2(C(O2)CC(NC(=O)CC(C(C(=O)C(C1O)C)(C)C)O)C(=CC3=CSC(=N3)C)C)C
DB01667,C12=NNN=C1N=C(NC2=O)N
DB05812,CC12CCC(CC1=CCC3C2CCC4(C3CC=C4C5=CN=CC=C5)C)O
DB11544,CCC(C1CCC(C(O1)C(C)C(C(C)C(=O)C(CC)C2C(CC(C3(O2)C=CC(C4(O3)CCC(O4)(C)C5CCC(C(O5)C)(CC)O)O)C)C)O)C)C(=O)O
DB01167,CCC(C)N1C(=O)N(C=N1)C2=CC=C(C=C2)N3CCN(CC3)C4=CC=C(C=C4)OCC5COC(O5)(CN6C=NC=N6)C7=C(C=C(C=C7)Cl)Cl
DB00432,C1C(C(OC1N2C=C(C(=O)NC2=O)C(F)(F)F)CO)O
DB08519,CC1=C2C=CC(=CC2=NN1)NC3=NC(=NC=C3)NC4=CC(=C(C(=C4)OC)OC)OC
DB00390,CC1C(C(CC(O1)OC2C(OC(CC2O)OC3C(OC(CC3O)OC4CCC5(C(C4)CCC6C5CC(C7(C6(CCC7C8=CC(=O)OC8)O)C)O)C)C)C)O)O
DB00756,C1=C(C(=C(C(=C1Cl)Cl)CC2=C(C(=CC(=C2Cl)Cl)Cl)O)O)Cl
DB13326,C[N+]1=C2C=C(C=CC2=CC3=C1C=C(C=C3)N)N.[Cl-]
DB01782,C1=CC=C2C(=C1)C3=NNC4=CC=CC(=C43)C2=O
DB09010,CCCCCCNC(=O)N1C=C(C(=O)NC1=O)F
DB09241,CN(C)C1=CC2=C(C=C1)N=C3C=CC(=[N+](C)C)C=C3S2.[Cl-]
DB09286,C1CCN(CC1)C2(CCN(CC2)CCCC(=O)C3=CC=C(C=C3)F)C(=O)N
DB13467,CC1C(C(CC(O1)OC2CCC3(C(C2)CCC4C3CC(C5(C4(CCC5C6=CC(=O)OC6)O)C)O)C)O)OC7CC(C(C(O7)C)OC8CC(C(C(O8)C)OC9C(C(C(C(O9)CO)O)O)O)OC(=O)C)O
DB11967,CN1C=NC2=C1C=C(C(=C2F)NC3=C(C=C(C=C3)Br)F)C(=O)NOCCO
DB12064,CCOC1=C(C(=O)N(C=C1)C2=CC=C(C=C2)F)C(=O)NC3=CC(=C(C=C3)OC4=C(C(=NC=C4)N)Cl)F
DB12318,CC1=C2C(=NC=NN2C=C1NC(=O)OCC3COCCN3)NC4=CC5=C(C=C4)N(N=C5)CC6=CC(=CC=C6)F
DB01206,C1CCC(CC1)NC(=O)N(CCCl)N=O
DB12695,C1=CC=C(C=C1)CCN=C=S
DB14031,C1CN1C2=NC(=NC(=N2)N3CC3)N4CC4
