miRNA_Name,Search_Result
MIMAT0004481,CUAUACAAUCUACUGUCUUUC
MIMAT0000062,UGAGGUAGUAGGUUGUAUAGUU
MIMAT0004482,CUAUACAACCUACUGCCUUCCC
MIMAT0000063,UGAGGUAGUAGGUUGUGUGGUU
MIMAT0000064,UGAGGUAGUAGGUUGUAUGGUU
MIMAT0000065,AGAGGUAGUAGGUUGCAUAGUU
MIMAT0000066,UGAGGUAGGAGGUUGUAUAGUU
MIMAT0004486,CUAUACAAUCUAUUGCCUUCCC
MIMAT0004487,CUAUACAGUCUACUGUCUUUCC
MIMAT0000067,UGAGGUAGUAGAUUGUAUAGUU
MIMAT0004584,CUGUACAGGCCACUGCCUUGC
MIMAT0000414,UGAGGUAGUAGUUUGUACAGUU
MIMAT0004585,CUGCGCAAGCUACUGCCUUGCU
MIMAT0000415,UGAGGUAGUAGUUUGUGCUGUU
MIMAT0000416,UGGAAUGUAAAGAAGUAUGUAU
MIMAT0000098,AACCCGUAGAUCCGAACUUGUG
MIMAT0000099,UACAGUACUGUGAUAACUGAA
MIMAT0009196,AGCUUCUUUACAGUGCUGCCUUG
MIMAT0000101,AGCAGCAUUGUACAGGGCUAUGA
MIMAT0000102,UCAAAUGCUCAGACUCCUGUGGU
MIMAT0000103,AAAAGUGCUUACAGUGCAGGUAG
MIMAT0004672,CCGCACUGUGGGUACUUGCUGC
MIMAT0000680,UAAAGUGCUGACAGUGCAGAU
MIMAT0000104,AGCAGCAUUGUACAGGGCUAUCA
MIMAT0004555,CAAAUUCGUAUCUAGGGGAAUA
MIMAT0000253,UACCCUGUAGAUCCGAAUUUGUG
MIMAT0004556,ACAGAUUCGAUUCUAGGGGAAU
MIMAT0000254,UACCCUGUAGAACCGAAUUUGUG
MIMAT0005826,CCGUCGCCGCCACCCGAGCCG
MIMAT0005955,UAGGACACAUGGUCUACUUCU
MIMAT0005863,CUCCUGAGCCAUUCUGAGCCUC
MIMAT0005865,GUGCCAGCUGCAGUGGGGGAG
MIMAT0005868,UCGUGGCCUGGUCUCCAUUAU
MIMAT0005871,UGGCAGGGAGGCUGGGAGGGG
MIMAT0000421,UGGAGUGUGACAAUGGUGUUUG
MIMAT0005459,CCCCACCUCCUCUCUCCUCAG
MIMAT0005458,GUGAGGACUCGGGAGGUGG
MIMAT0005572,GUGGGUACGGCCCAGUGGGGGG
MIMAT0005577,UCACCAGCCCUGUGUUCCCUAG
MIMAT0005576,GUGAGGGCAUGCAGGCCUGGAUGGGG
MIMAT0005580,CGUGCCACCCUUUUCCCCAG
MIMAT0005583,UCACACCUGCCUCGCCCCCC
MIMAT0005584,CUCUCACCACUGCCCUCCCACAG
MIMAT0005588,UGAGCCCUGUCCUCCCGCAG
MIMAT0005589,UCGGCCUGACCACCCACCCCAC
MIMAT0005591,CCUCUUCCCCUUGUCUCUCCAG
MIMAT0005592,UCCUUCUGCUCCGUCCCCCAG
MIMAT0005593,CUUCCUCGUCUGUCUGCCCC
MIMAT0000422,UAAGGCACGCGGUGAAUGCCAA
MIMAT0005896,AAGUAGUUGGUUUGUAUGAGAUGGUU
MIMAT0005898,AAUGGAUUUUUGGAGCAGG
MIMAT0005899,ACCCGUCCCGUUCGUCCCCGGA
MIMAT0005900,ACCUUCUUGUAUAAGCACUGUGCUAAA
MIMAT0005901,ACGCCCUUCCCCCCCUUCUUCA
MIMAT0005902,ACGGUGCUGGAUGUGGCCUUU
MIMAT0005903,ACUCUAGCUGCCAAAGGCGCU
MIMAT0005944,AGAAGGAAAUUGAAUUCAUUUA
MIMAT0005904,AGAGAAGAAGAUCAGCCUGCA
MIMAT0005906,AGGAUGAGCAAAGAAAGUAGAUU
MIMAT0005945,CGGAUGAGCAAAGAAAGUGGUU
MIMAT0005907,AGGCAUUGACUUCUCACUAGCU
MIMAT0005908,AGUGAAUGAUGGGUUCUGACC
MIMAT0004602,ACAGGUGAGGUUCUUGGGAGCC
MIMAT0000443,UCCCUGAGACCCUUUAACCUGUGA
MIMAT0004592,ACGGGUUAGGCUCUUGGGAGCU
MIMAT0004603,UCACAAGUCAGGCUCUUGGGAC
MIMAT0000423,UCCCUGAGACCCUAACUUGUGA
MIMAT0000445,UCGUACCGUGAGUAAUAAUGCG
MIMAT0005911,AUCCCACCUCUGCCACCA
MIMAT0015041,AUCCCACCACUGCCACCAU
MIMAT0005913,AUGGAUAAGGCUUUGGCUU
MIMAT0005914,AUGGGUGAAUUUGUAGAAGGAU
MIMAT0005791,CAAGUCUUAUUUGAGCACCUGUU
MIMAT0005918,CAGGAUGUGGUCAAGUGUUGUU
MIMAT0005921,CCUGUUGAAGUGUAAUCCCCA
MIMAT0005922,CGGGCGUGGUGGUGGGGG
MIMAT0005923,CUGGACUGAGCCGUGCUACUGG
MIMAT0019059,CUGGACUGAGCCAUGCUACUGG
MIMAT0000446,UCGGAUCCGUCUGAGCUUGGCU
MIMAT0004604,CUGAAGCUCAGAGGGCUCUGAU
MIMAT0005924,CUGGAGAUAUGGAAGAGCUGUGU
MIMAT0005929,GUGGGGGAGAGGCUGUC
MIMAT0005933,UACGUAGAUAUAUAUGUAUUUU
MIMAT0000424,UCACAGUGAACCGGUCUCUUU
MIMAT0005939,UCGCCUCCUCCUCUCCC
MIMAT0005799,UCUACAAAGGAAAGCGCUUUCU
MIMAT0005876,UCUGGGCAACAAAGUGAGACCU
MIMAT0005878,UGCUGGAUCAGUGGUUCGAGUC
MIMAT0005942,UGGACUGCCCUGAUCUGGAGA
MIMAT0004548,AAGCCCUUACCCCAAAAAGUAU
MIMAT0004605,AAGCCCUUACCCCAAAAAGCAU
MIMAT0000242,CUUUUUGCGGUCUGGGCUUGC
MIMAT0005880,UGGAUUUUUGGAUCAGGGA
MIMAT0005881,UGGCCCUGACUGAAGACCAGCAGU
MIMAT0005943,UGGGAACGGGUUCCGGCAGACGCUG
MIMAT0005883,UGGGUGGUCUGGAGAUUUGUGC
MIMAT0005886,UUCAAGUAAUUCAGGUG
MIMAT0005887,UUCUGGAAUUCUGUGUGAGGGA
MIMAT0005797,UUGCAGCUGCCUGGGAGUGACUUC
MIMAT0005891,UUUAGAGACGGGGUCUUGCUCU
MIMAT0005892,UUUGAGGCUACAGUGAGAUGUG
MIMAT0005951,ACUCGGCGUGGCGUCGGUCGUG
MIMAT0000425,CAGUGCAAUGUUAAAAGGGCAU
MIMAT0004593,GCUCUUUUCACAUUGUGCUACU
MIMAT0000691,CAGUGCAAUGAUGAAAGGGCAU
MIMAT0004680,ACUCUUUCCCUGUUGCACUAC
MIMAT0000426,UAACAGUCUACAGCCAUGGUCG
MIMAT0005952,CAGGGAGGUGAAUGUGAU
MIMAT0000427,UUUGGUCCCCUUCAACCAGCUG
MIMAT0000770,UUUGGUCCCCUUCAACCAGCUA
MIMAT0000447,UGUGACUGGUUGACCAGAGGGG
MIMAT0019776,CUCCUGGGGCCCGCACUCUCGC
MIMAT0004595,UAUAGGGAUUGGAGCCGUGGCG
MIMAT0000428,UAUGGCUUUUUAUUCCUAUGUGA
MIMAT0000758,UAUGGCUUUUCAUUCCUAUGUGA
MIMAT0000448,ACUCCAUUUGUUUUGAUGAUGGA
MIMAT0000429,UUAUUGCUUAAGAAUACGCGUAG
MIMAT0004607,GCUACUUCACAACACCAGGGCC
MIMAT0000430,AGCUGGUGUUGUGAAUCAGGCCG
MIMAT0000250,UCUACAGUGCACGUGUCUCCAGU
MIMAT0004597,UACCACAGGGUAGAACCACGG
MIMAT0000431,CAGUGGUUUUACCCUAUGGUAG
MIMAT0000432,UAACACUGUCUGGUAAAGAUGG
MIMAT0000434,UGUAGUGUUUCCUACUUUAUGGA
MIMAT0000433,CAUAAAGUAGAAAGCACUACU
MIMAT0000435,UGAGAUGAAGCACUGUAGCUC
MIMAT0004599,GGUGCAGUGCUGCAUCUCUGGU
MIMAT0000436,UACAGUAUAGAUGAUGUACU
MIMAT0000437,GUCCAGUUUUCCCAGGAAUCCCU
MIMAT0007347,CUCGGCGCGGGGCGCGGGCUCC
MIMAT0000449,UGAGAACUGAAUUCCAUGGGUU
MIMAT0002809,UGAGAACUGAAUUCCAUAGGCUG
MIMAT0000251,GUGUGUGGAAAUGCUUCUGC
MIMAT0004928,GUGUGCGGAAAUGCUUCUGCU
MIMAT0000243,UCAGUGCACUACAGAACUUUGU
MIMAT0000759,UCAGUGCAUCACAGAACUUUGU
MIMAT0004609,AGGGAGGGACGGGGGCUGUGC
MIMAT0000450,UCUGGCUCCGUGUCUUCACUCCC
MIMAT0004610,CUGGUACAGGCCUGGGGGACAG
MIMAT0000451,UCUCCCAACCCUUGUACCAGUG
MIMAT0000757,CUAGACUGAAGCUCCUUGAGG
MIMAT0004697,UCGAGGAGCUCACAGUCUAGU
MIMAT0000438,UCAGUGCAUGACAGAACUUGG
MIMAT0000439,UUGCAUAGUCACAAAAGUGAUC
MIMAT0007400,CGGCCCGGGCUGCUGCUGUUCCU
MIMAT0007401,UCCUGCGCGUCCCAGAUGCCC
MIMAT0000452,UAGGUUAUCCGUGUUGCCUUCG
MIMAT0000646,UUAAUGCUAAUCGUGAUAGGGGUU
MIMAT0004488,CAGGCCAUAUUGUGCUGCCUCA
MIMAT0000068,UAGCAGCACAUAAUGGUUUGUG
MIMAT0004586,CGAAUCAUUAUUUGCUGCUCUA
MIMAT0000417,UAGCAGCACAUCAUGGUUUACA
MIMAT0004489,CCAGUAUUAACUGUGCUGCUGA
MIMAT0000069,UAGCAGCACGUAAAUAUUGGCG
MIMAT0000071,ACUGCAGUGAAGGCACUUGUAG
MIMAT0000070,CAAAGUGCUUACAGUGCAGGUAG
MIMAT0004558,ACCACUGACCGUUGACUGUACC
MIMAT0000270,ACCAUCGACCGUUGAUUGUACC
MIMAT0000256,AACAUUCAACGCUGUCGGUGAGU
MIMAT0031893,CUCACUGAUCAAUGAAUGCA
MIMAT0022692,CUCACUGAACAAUGAAUGCAA
MIMAT0000257,AACAUUCAUUGCUGUCGGUGGGU
MIMAT0004559,AACCAUCGACCGUUGAGUGGAC
MIMAT0000258,AACAUUCAACCUGUCGGUGAGU
MIMAT0026608,CCACCGGGGGAUGAAUGUCAC
MIMAT0002821,AACAUUCAUUGUUGUCGGUGGGU
MIMAT0000259,UUUGGCAAUGGUAGAACUCACACU
MIMAT0006765,UCCAGUGCCCUCCUCUCC
MIMAT0006767,UGAGGCAGUAGAUUGAAU
MIMAT0004560,GUGAAUUACCGAAGGGCCAUAA
MIMAT0000261,UAUGGCACUGGUAGAAUUCACU
MIMAT0000454,UGGACGGAGAACUGAUAAGGGU
MIMAT0000455,UGGAGAGAAAGGCAGUUCCUGA
MIMAT0004612,GCCCAAAGGUGAAUUUUUUGGG
MIMAT0000456,CAAAGAAUUCUCCUUUUGGGCU
MIMAT0000262,UCGUGUCUUGUGUUGCAGCCGG
MIMAT0000457,CAUCCCUUGCAUGGUGGAGGG
MIMAT0002891,ACUGCCCUAAGUGCUCCUUCUGG
MIMAT0000072,UAAGGUGCAUCUAGUGCAGAUAG
MIMAT0004751,UGCCCUAAAUGCCCCUUCUGGC
MIMAT0001412,UAAGGUGCAUCUAGUGCAGUUAG
MIMAT0007881,CGGCGGGGACGGCGAUUGGUC
MIMAT0000458,UGAUAUGUUUGAUAUAUUAGGU
MIMAT0004929,UGAUAUGUUUGAUAUUGGGUUG
MIMAT0001618,GCUGCGCUUGGAUUUCGUCCCC
MIMAT0000440,CAACGGAAUCCCAAAAGCAGCUG
MIMAT0007884,CCAGUCCUGUGCCUGCCGCCU
MIMAT0007885,UGAGUACCGCCAUGUCUGUUGGG
MIMAT0007887,UACCCAGAGCAUGCAGUGUGAA
MIMAT0007888,UCUGCCCCCUCCGCUGCUGCCA
MIMAT0007889,CCCUGUGCCCGGCCCACUUCUG
MIMAT0007892,CCCCAGGGCGACGCGGCGGG
MIMAT0000222,CUGACCUAUGAAUUGACAGCC
MIMAT0000459,AACUGGCCUACAAAGUCCCAGU
MIMAT0002819,AACUGGCCCUCAAAGUCCCGCU
MIMAT0004767,CGGGGUUUUGAGGGCGAGAUGA
MIMAT0004671,CCAGUGGGGCUGCUGUUAUCUG
MIMAT0000460,UGUAACAGCAACUCCAUGUGGA
MIMAT0000461,UAGCAGCACAGAAAUAUUGGC
MIMAT0004562,CGGCAACAAGAAACUGCCUGAG
MIMAT0000226,UAGGUAGUUUCAUGUUGUUGGG
MIMAT0001080,UAGGUAGUUUCCUGUUGUUGGG
MIMAT0000227,UUCACCACCUUCUCCACCCAGC
MIMAT0009447,UCAGGCCAGGCACAGUGGCUCA
MIMAT0009448,ACCGUGCAAAGGUAGCAUA
MIMAT0009451,CCUCCUGCCCUCCUUGCUGU
MIMAT0000228,GGUCCAGAGGGGAGAUAGGUUC
MIMAT0000232,ACAGUAGUCUGCACAUUGGUUA
MIMAT0000231,CCCAGUGUUCAGACUACCUGUUC
MIMAT0004563,ACAGUAGUCUGCACAUUGGUUA
MIMAT0000263,CCCAGUGUUUAGACUAUCUGUUC
MIMAT0000073,UGUGCAAAUCUAUGCAAAACUGA
MIMAT0004491,AGUUUUGCAGGUUUGCAUCCAGC
MIMAT0000074,UGUGCAAAUCCAUGCAAAACUGA
MIMAT0000682,UAACACUGUCUGGUAACGAUGU
MIMAT0000318,UAAUACUGCCUGGUAAUGAUGA
MIMAT0000617,UAAUACUGCCGGGUAAUGAUGGA
MIMAT0002811,AGAGGUAUAGGGCAUGGGAA
MIMAT0002810,UUCCUAUGCAUAUACUUCUUUG
MIMAT0000264,GUGAAAUGUUUAGGACCACUAG
MIMAT0019814,UUGAACUGUUAAGAACCACUGGA
MIMAT0000265,UUCCCUUUGUCAUCCUAUGCCU
MIMAT0000266,UCCUUCAUUCCACCGGAGUCUG
MIMAT0009977,UGUUUUGAUAACAGUAAUGU
MIMAT0000462,UGGAAUGUAAGGAAGUGUGUGG
MIMAT0000241,AUAAGACGAGCAAAAAGCUUGU
MIMAT0000075,UAAAGUGCUUAUAGUGCAGGUAG
MIMAT0001413,CAAAGUGCUCAUAGUGCAGGUAG
MIMAT0000076,UAGCUUAUCAGACUGAUGUUGA
MIMAT0000267,CUGUGCGUGUGACAGCGGCUGA
MIMAT0000268,UUCCCUUUGUCAUCCUUCGCCU
MIMAT0009206,AUUUGUGCUUGGCUCUGUCAC
MIMAT0011156,UAGUCCCUUCCUUGAAGCGGUC
MIMAT0011160,GGUUCUUAGCAUAGGAGGUCU
MIMAT0011162,UGUUCUCUUUGCCAAGGACAG
MIMAT0000269,UAACAGUCUCCAGUCACGGCC
MIMAT0000271,ACAGCAGGCACAGACAGGCAGU
MIMAT0000272,AUGACCUAUGAAUUGACAGAC
MIMAT0000273,UAAUCUCAGCUGGCAACUGUGA
MIMAT0004959,AAAUCUCUGCAGGCAAAUGUGA
MIMAT0000274,UACUGCAUCAGGAACUGAUUGGA
MIMAT0004565,AUGGUUCCGUCAAGCACCAUGG
MIMAT0000275,UUGUGCUUGAUCUAACCAUGU
MIMAT0004567,AGAGUUGAGUCUGGACGUCCCG
MIMAT0004675,AGAAUUGUGGCUGGACAUCUGU
MIMAT0000276,UGAUUGUCCAAACGCAAUUCU
MIMAT0019748,AGAAUUGCGUUUGGACAAUCAGU
MIMAT0000077,AAGCUGCCAGUUGAAGAACUGU
MIMAT0004495,AGUUCUUCAGUGGCAAGCUUUA
MIMAT0000278,AGCUACAUUGUCUGCUGGGUUUC
MIMAT0000279,AGCUACAUCUGGCUACUGGGU
MIMAT0004569,CUCAGUAGCCAGUGUAGAUCCU
MIMAT0000280,UGUCAGUUUGUCAAAUACCCCA
MIMAT0009198,AAAAUGGUGCCCUAGUGACUACA
MIMAT0000281,UCAAGUCACUAGUGGUUCCGUUUAG
MIMAT0011777,UGACAGCGCCCUGCCUGGCUC
MIMAT0011778,GAGAGCAGUGUGUGUUGCCUGG
MIMAT0017950,AUUGUCCUUGCUGUUUGGAGAU
MIMAT0016895,AUCCCCAGAUACAAUGGACAA
MIMAT0000078,AUCACAUUGCCAGGGAUUUCC
MIMAT0004496,GGGGUUCCUGGGGAUGGGAUUU
MIMAT0000418,AUCACAUUGCCAGGGAUUACCAC
MIMAT0004587,UGGGUUCCUGGCAUGCUGAUUU
MIMAT0018000,AUCACAUUGCCAGUGAUUACCC
MIMAT0000079,UGCCUACUGAGCUGAUAUCAGU
MIMAT0004497,UGCCUACUGAGCUGAAACACAG
MIMAT0000080,UGGCUCAGUUCAGCAGGAACAG
MIMAT0019953,AGCAGAGGCAGAGAGGCUCAGG
MIMAT0000081,CAUUGCACUUGUCUCGGUCUGA
MIMAT0004498,AGGCGGAGACUUGGGCAAUUG
MIMAT0013517,CAGGCAGUGACUGUUCAGACGUC
MIMAT0004499,CCUAUUCUUGGUUACUUGCACG
MIMAT0000082,UUCAAGUAAUCCAGGAUAGGCU
MIMAT0004500,CCUGUUCUCCAUUACUUGGCU
MIMAT0000083,UUCAAGUAAUUCAGGAUAGGU
MIMAT0000084,UUCACAGUGGCUAAGUUCCGC
MIMAT0004501,AGGGCUUAGCUGCUUGUGAGCA
MIMAT0000419,UUCACAGUGGCUAAGUUCUGC
MIMAT0004588,AGAGCUUAGCUGAUUGGUGAAC
MIMAT0000085,AAGGAGCUCACAGUCUAUUGAG
MIMAT0013802,GGGGCCUGGCGGUGGGCGG
MIMAT0000690,AGGGCCCCCCCUCAAUCCUGU
MIMAT0004450,AUGUAUGUGUGCAUGUGCAUG
MIMAT0004901,AGCAGAAGCAGGGAGGUUCUCCCA
MIMAT0000687,UAUGUGGGAUGGUAAACCGCUU
MIMAT0002890,UGGUUUACCGUCCCACAUACAU
MIMAT0000086,UAGCACCAUCUGAAAUCGGUUA
MIMAT0004503,ACUGAUUUCUUUUGGUGUUCAG
MIMAT0004514,GCUGGUUUCAUAUGGUGGUUUAGA
MIMAT0004515,CUGGUUUCACAUGGUGGCUUAG
MIMAT0000100,UAGCACCAUUUGAAAUCAGUGUU
MIMAT0000681,UAGCACCAUUUGAAAUCGGUUA
MIMAT0004673,UGACCGAUUUCUCCUGGUGUUC
MIMAT0004903,UAUACAAGGGCAGACUCUCUCU
MIMAT0000688,CAGUGCAAUAGUAUUGUCAAAGC
MIMAT0004958,CAGUGCAAUGAUAUUGUCAAAGC
MIMAT0000684,UAAGUGCUUCCAUGUUUUGGUGA
MIMAT0000715,UAAGUGCUUCCAUGUUUUAGUAG
MIMAT0000714,ACUUUAACAUGGAAGUGCUUUC
MIMAT0000717,UAAGUGCUUCCAUGUUUCAGUGG
MIMAT0000718,UAAGUGCUUCCAUGUUUGAGUGU
MIMAT0005932,UAAUUGCUUCCAUGUUU
MIMAT0019864,UCUGGCUGUUGUGGUGUGCAA
MIMAT0015378,UCAGCACCAGGAUAUUGUUGGAG
MIMAT0015066,UCAACAAAAUCACUGAUGCUGGA
MIMAT0015027,GAUAUCAGCUCAGUAGGCACCG
MIMAT0000088,CUUUCAGUCGGAUGUUUGCAGC
MIMAT0000087,UGUAAACAUCCUCGACUGGAAG
MIMAT0004589,CUGGGAGGUGGAUGUUUACUUC
MIMAT0000420,UGUAAACAUCCUACACUCAGCU
MIMAT0004674,CUGGGAGAGGGUUGUUUACUCC
MIMAT0004550,CUGGGAGAAGGCUGUUUACUCU
MIMAT0000244,UGUAAACAUCCUACACUCUCAGC
MIMAT0000245,UGUAAACAUCCCCGACUGGAAG
MIMAT0000693,CUUUCAGUCGGAUGUUUACAGC
MIMAT0000692,UGUAAACAUCCUUGACUGGAAG
MIMAT0000089,AGGCAAGAUGCUGGCAUAGCU
MIMAT0014979,AUAGGACUCAUAUAGUGCCAG
MIMAT0014989,UGAGGGACAGAUGCCAGAAGCA
MIMAT0014990,AUCAGGGCUUGUGGAAUGGGAAG
MIMAT0014995,UACCCAGUCUCCGGUGCAGCC
MIMAT0014996,UCGAGGACUGGUGGAAGGGCCUU
MIMAT0014998,UAAAGAACUCUUAAAACCCAAU
MIMAT0015000,UGAUGGAUAAAAGACUACAUAUU
MIMAT0015007,UAGGAGCUCAACAGAUGCCUGUU
MIMAT0015010,GAGGGCGGGUGGAGGAGGA
MIMAT0015014,AGGGGACCAAAGAGAUAUAUAG
MIMAT0015018,CAUGCUAGGAUAGAAAGAAUGG
MIMAT0015019,GGUUGGGCAGUGAGGAGGGUGUGA
MIMAT0015022,UUUGUAUGGAUAUGUGUGUGUAU
MIMAT0018194,UGAGGAGAUCGUCGAGGUUGG
MIMAT0015024,GGUGGGGCAAUGGGAUCAGGU
MIMAT0015025,UGUGUUAGAAUAGGGGCAAUAA
MIMAT0015026,GGGGAAAGCGAGUAGGGACAUUU
MIMAT0015028,CAGAAGGGGAGUUGGGAGCAGA
MIMAT0015035,CUGAUAAGAACAGAGGCCCAGAU
MIMAT0015036,UUAGGGAGUAGAAGGGUGGGGAG
MIMAT0015037,UAUAAAAUGAGGGCAGUAAGAC
MIMAT0015038,UGUGACUUUAAGGGAAAUGGCG
MIMAT0015042,AGGAUUUCAGAAAUACUGGUGU
MIMAT0015043,GAGUUCUACAGUCAGAC
MIMAT0015048,AAAGGAGGAAAUAGGCAGGCCA
MIMAT0015051,UAGUGAGUUAGAGAUGCAGAGCC
MIMAT0015054,UGCACGGCACUGGGGACACGU
MIMAT0015055,GGGGCGCGGCCGGAUCG
MIMAT0018178,UGGGGCGGAGCUUCCGGAG
MIMAT0015063,GCCUCUCUCGGAGUCGCUCGGA
MIMAT0015064,UGAGGGGCCUCAGACCGAGCUUUU
MIMAT0015065,AGAAGAAGGCGGUCGGUCUGCGG
MIMAT0015068,UCACGCGGAGAGAUGGCUUUG
MIMAT0015069,UUGGCCAUGGGGCUGCGCGG
MIMAT0015070,AGAGGCUUUGUGCGGAUACGGGG
MIMAT0015076,UCUGGGAGGUUGUAGCAGUGGAA
MIMAT0015077,UCCUGCGUAGGAUCUGAGGAGU
MIMAT0015078,GGCCAGCCACCAGGAGGGCUG
MIMAT0015079,CGCGCCGGGCCCGGGUU
MIMAT0015080,CGGGGCGGCAGGGGCCUC
MIMAT0015083,GUGGAGUCCUGGGGAAUGGAGA
MIMAT0004505,CAAUUUAGUGUGUGUGAUAUUU
MIMAT0000090,UAUUGCACAUUACUAAGUUGCA
MIMAT0015085,CACCUUGCGCUACUCAGGUCUG
MIMAT0000510,AAAAGCUGGGUUGAGAGGGCGA
MIMAT0005793,AAAAGCUGGGUUGAGAGGGU
MIMAT0006764,AAAAGCUGGGUUGAGAGGA
MIMAT0000755,CACAUUACACGGUCGACCUCU
MIMAT0004696,AGGUGGUCCGUGGCGCGUUCGC
MIMAT0001630,AGGUUGUCCGUGGUGAGUUCGCA
MIMAT0000762,CCCACUGCCCCAGGUGCUGCUGG
MIMAT0000761,CGCAUCCCCUAGGGCAUUGGUG
MIMAT0000756,CCUCUGGGCCCUUCCUCCAG
MIMAT0000752,CUGGCCCUCUCUGCCCUUCCGU
MIMAT0001629,AACACACCUGGUUAACCUCUUU
MIMAT0000751,GCAAAGCACACGGCCUGCAGAGA
MIMAT0000760,GCCCCUGGGCCUAUCCUAGAA
MIMAT0004700,CUAGGUAUGGUCCCAGGGAUCC
MIMAT0004703,UUUUUCAUUAUUGCUCCUGACC
MIMAT0000765,UCAAGAGCAAUAACGAAAAAUGU
MIMAT0000754,CUCCUAUAUGAUGCCUUUCUUC
MIMAT0004695,GAACGGCUUCAUACAGGAGUU
MIMAT0000763,UCCAGCAUCAGUGAUUUUGUUG
MIMAT0004702,UGAGCGCCUCGACGACAGAGCCG
MIMAT0000764,UCCCUGUCCUCCAGGAGCUCACG
MIMAT0000091,GUGCAUUGUAGUUGCAUUGCA
MIMAT0003301,GUGCAUUGCUGUUGCAUUGC
MIMAT0004692,UUAUAAAGCAAUGAGACUGAUU
MIMAT0000753,UCUCACACAGAAAUCGCACCCGU
MIMAT0000772,GCUGACUCCUAGUCCAGGGCUC
MIMAT0000773,UGUCUGCCCGCAUGCCUGCCUCU
MIMAT0004557,CAAUCAGCAAGUAUACUGCCCU
MIMAT0000255,UGGCAGUGUCUUAGCUGGUUGU
MIMAT0004676,CAAUCACUAACUCCACUGCCAU
MIMAT0000685,UAGGCAGUGUCAUUAGCUGAUUG
MIMAT0004677,AAUCACUAACCACACGGCCAGG
MIMAT0000686,AGGCAGUGUAGUUAGCUGAUUGC
MIMAT0017983,UUAGUGAAGGCUAUUUUAAUU
MIMAT0004682,UCCCCCAGGUGUGAUUCUGAUUU
MIMAT0000703,UUAUCAGAAUCUCCAGGGGUAC
MIMAT0017988,UUGUGAAGAAAGAAAUUCUUA
MIMAT0017993,UAGCCUUCAGAUCUUGGUGUUUU
MIMAT0017999,UCAGCAGGCAGGCUGGUGCAGC
MIMAT0000705,AAUCCUUGGAACCUAGGUGUGAGU
MIMAT0018001,UCACCCUGCAUCCCGCACCCAG
MIMAT0018002,CGCGGGUCGGGGUCUGCAGG
MIMAT0000707,AAUUGCACGGUAUCCAUCUGUA
MIMAT0003385,CGGGUGGAUCACGAUGCAAUUU
MIMAT0018071,CAUAGCCCGGUCGCUGGUACAUGA
MIMAT0018074,GACUGGACAAGCUGAGGAA
MIMAT0018078,UUUAAGAAAACACCAUGGAGAU
MIMAT0018080,UGAGUGUUGUCUACGAGGGCA
MIMAT0000710,UAAUGCCCCUAAAAAUCCUUAU
MIMAT0022834,UAAUGCCCCUAAAAAUCCUUAU
MIMAT0018081,ACUGACAGGAGAGCAUUUUGA
MIMAT0018083,GAAAAUGAUGAGUAGUGACUGAUG
MIMAT0018087,AGCAGGUGCGGGGCGGCG
MIMAT0018091,AAUGUAGAGAUUGAUCAAAAU
MIMAT0000719,AAUUGCACUUUAGCAAUGGUGA
MIMAT0018095,AUGAGACUCAUGUAAAACAUCUU
MIMAT0018097,AUUGUAGAACCUAAGAUUGGCC
MIMAT0018104,UGAGGAUAUGGCAGGGAAGGGGA
MIMAT0018108,UAGUGGAUGAUGCACUCUGUGC
MIMAT0018110,UGAUGAUACAGGUGGAGGUAG
MIMAT0000721,AAUAAUACAUGGUUGAUCUUU
MIMAT0018121,CCUGCUGGUCAGGAGUGGAUACUG
MIMAT0000722,GCCUGCUGGGGUGGAACCUGGU
MIMAT0000723,AAGUGCCGCCAUCUUUUGAGUGU
MIMAT0004687,ACUCAAACUGUGGGGGCACU
MIMAT0019893,AAGUGCCCCCACAGUUUGAGUGC
MIMAT0000724,AAAGUGCUGCGACAUUUGAGCGU
MIMAT0000726,GAAGUGCUUCGAUUUUGGGGUGU
MIMAT0000725,ACUCAAAAUGGGGGCGCUUUCC
MIMAT0000727,UUAUAAUACAACCUGAUAAGUG
MIMAT0004956,CUUAGCAGGUUGUAUUAUCAUU
MIMAT0004955,AUAUAAUACAACCUGCUAAGUG
MIMAT0000728,UUUGUUCGUUCGGCUCGCGUGA
MIMAT0000729,AUCAUAGAGGAAAAUCCACGU
MIMAT0002172,AUCAUAGAGGAAAAUCCAUGUU
MIMAT0000720,AACAUAGAGGAAAUUCCACGU
MIMAT0000730,AUCACACAAAGGCAACUUUUGU
MIMAT0000732,ACUGGACUUGGAGUCAGAAGGC
MIMAT0000731,CUCCUGACUCCAGGUCCUGUGU
MIMAT0016847,ACUGGACUUGGAGUCAGAAGAGUGG
MIMAT0018926,ACUGGACUUGGAGUCAGAAA
MIMAT0018927,ACUGGACUUGGAGUCAGGA
MIMAT0018932,ACUGGACUUGGAGCCAGAAG
MIMAT0018937,ACUGGGCUUGGAGUCAGAAG
MIMAT0019074,ACUGGACUAGGAGUCAGAAGG
MIMAT0000733,UGGUAGACUAUGGAACGUAGG
MIMAT0000735,UAUGUAAUAUGGUCCACAUCUU
MIMAT0000736,UAUACAAGGGCAAGCUCUCUGU
MIMAT0000737,GAAGUUGUUCGUGGUGGAUUCG
MIMAT0000738,AGAUCAGAAGGUGAUUGUGGCU
MIMAT0018179,AGGUGCUCCAGGCUGGCUCACA
MIMAT0018184,AAAGGCAUAAAACCAAGACA
MIMAT0018185,UGUGUGGAUCCUGGAGGAGGCA
MIMAT0018188,AAGGAACCAGAAAAUGAGAAGU
MIMAT0018191,GCUCGGACUGAGCAGGUGGG
MIMAT0018352,ACAGGCGGCUGUAGCAAUGGGGG
MIMAT0018356,CAGCCCGGAUCCCAGCCCACUU
MIMAT0018361,AGGGCAUAGGAGAGGGUUGAUAU
MIMAT0019337,GGCGGCGGCGGAGGCGGGGG
MIMAT0001639,GAAUGUUGCUCGGUGAACCCCU
MIMAT0001638,AGGUUACCCGAGCAACUUUGCAU
MIMAT0002171,AAUAUAACACAGAUGGCCUGU
MIMAT0026558,AGGUUGUCUGUGAUGAGUUCG
MIMAT0003329,UAGUAGACCGUAUAGCGUACG
MIMAT0002170,ACUUCACCUGGUCCACUAGCCGU
MIMAT0003339,AUCAACAGACAUUAAUUGGGCGC
MIMAT0001339,ACUGGACUUAGGGUCAGAAGGC
MIMAT0001340,AGCUCGGUCUGAGGCCCCUCAGU
MIMAT0004748,UGAGGGGCAGAGAGCGAGACUUU
MIMAT0001341,CAGCAGCAAUUCAUGUUUUGAA
MIMAT0003393,AAUGACACGAUCACUCCCGUUGA
MIMAT0016878,CCAGAGGUGGGGACUGAG
MIMAT0016879,CCCCGCCACCGCCUUGG
MIMAT0016890,AGGAAACAGGGACCCA
MIMAT0016901,GGGGGAAGAAAAGGUGGGG
MIMAT0016909,CUCUCCUCCCGGCUUC
MIMAT0016915,GGGCUCACAUCACCCCAU
MIMAT0016913,GCGGCGAGUCCGACUCAU
MIMAT0016916,ACCCCACUCCUGGUACC
MIMAT0016918,UUGUCUGCUGAGUUUCC
MIMAT0001536,UAAUACUGUCUGGUAAAACCGU
MIMAT0016852,CUGGGACAGGAGGAGGAGGCAG
MIMAT0016858,UGGAGAGAAAGGCAGUA
MIMAT0001625,UGUCUUGCAGGCCGUCAUGCA
MIMAT0016863,GAAAGAGAGCUGAGUGUG
MIMAT0016866,CCGCUUUCUGAGCUGGAC
MIMAT0016870,UCCCUGAGCAAAGCCAC
MIMAT0002814,UCUUGGAGUAGGUCAUUGGGUGG
MIMAT0016876,CCCUGAGACCCUAACCUUAA
MIMAT0016889,GGCUUGCAUGGGGGACUGG
MIMAT0001627,AUCAUGAUGGGCUCCUCGGUGU
MIMAT0018941,GAAGAUGGACGUACUUU
MIMAT0018942,UCUGAAUAGAGUCUGAAGAGU
MIMAT0018943,CAAGGAGACGGGAACAUGGAGC
MIMAT0018945,AGGCUGGAGUGAGCGGAG
MIMAT0018961,UUGGAGGCGUGGGUUUU
MIMAT0018966,GGUGGGGGCUGUUGUUU
MIMAT0018967,GGCUCCUUGGUCUAGGGGUA
MIMAT0018971,UGGGGAUUUGGAGAAGUGGUGA
MIMAT0018975,GAGCUUGGUCUGUAGCGGUU
MIMAT0018976,GGAUCCGAGUCACGGCACCA
MIMAT0018977,AGGGUGUGUGUGUUUUU
MIMAT0018982,AUAGUGGUUGUGAAUUUACCUU
MIMAT0018987,GAGACUGGGGUGGGGCC
MIMAT0018988,AAGGUUUGGAUAGAUGCAAUA
MIMAT0018992,CUCAAGUAGUCUGACCAGGGGA
MIMAT0018993,GGGUGCGGGCCGGCGGGG
MIMAT0018994,UGGCGGCGGUAGUUAUGGGCUU
MIMAT0018997,UGGCAAACGUGGAAGCCGAGA
MIMAT0019000,CUAGUGCUCUCCGUUACAAGUA
MIMAT0019001,UUGUGGCUGGUCAUGAGGCUAA
MIMAT0019002,CAAGGGACCAAGCAUUCAUUAU
MIMAT0019003,CAGGAAGGAUUUAGGGACAGGC
MIMAT0019006,GAGGCUGAGCUGAGGAG
MIMAT0001532,UUGCAUAUGUAGGAUGUCCCAU
MIMAT0019017,GGGGUGGUCUGUUGUUG
MIMAT0019018,AAAAGGCGGGAGAAGCCCCA
MIMAT0019019,UAACGGCCGCGGUACCCUAA
MIMAT0019021,AGAGCUGGCUGAAGGGCAG
MIMAT0019022,AGGGGGCGGGCUCCGGCG
MIMAT0019027,GGGGCUGGGCGCGCGCC
MIMAT0019032,CUCCGGGACGGCUGGGC
MIMAT0001541,UGGCAGUGUAUUGUUAGCUGGU
MIMAT0003327,AGGCAGUGUAUUGUUAGCUGGC
MIMAT0010251,UAGGCAGUGUAUUGCUAGCGGCUGU
MIMAT0019037,UAUGUGACCUCGGAUGAAUCA
MIMAT0019040,UGUGACAAUAGAGAUGAACAUG
MIMAT0019045,GCGGGGCUGGGCGCGCG
MIMAT0019046,ACUAAAGGAUAUAGAAGGUUUU
MIMAT0001545,UUUUGCGAUGUGUUCCUAAUAU
MIMAT0004909,UUUUGCAAUAUGUUCCUGAAUA
MIMAT0019053,GGGAGAAGGGUCGGGGC
MIMAT0019055,GCUCAGGGAUGAUAACUGUGCUGAGA
MIMAT0001631,AAACCGUUACCAUUACUGAGUU
MIMAT0001635,AACUGUUUGCAGAGGAAACUGA
MIMAT0019058,GCUAAGGAAGUCCUGUGCUCAG
MIMAT0019069,CCCAGCAGGACGGGAGCG
MIMAT0019075,GUGGACCUGGCUGGGAC
MIMAT0003885,UAGUGCAAUAUUGCUUAUAGGGU
MIMAT0003884,ACCCUAUCAAUAUUGUCUCUGC
MIMAT0003150,UAUGUGCCUUUGGACUACAUCG
MIMAT0019692,UCUUGAAGUCAGAACCCGCAA
MIMAT0019695,ACUCGGCUGCGGUGGACAAGU
MIMAT0019699,UGGGCCAGGGAGCAGCUGGUGGG
MIMAT0019704,UGGAGAGAGAAAAGAGACAGAAG
MIMAT0019708,AUUGUCCCUCUCCCUUCCCAG
MIMAT0019713,UCAGGCCUCUUUCUACCUU
MIMAT0019716,AGGGGACUGGUUAAUAGAACUA
MIMAT0019719,UGGAGUUAAGGGUUGCUUGGAGA
MIMAT0019718,UCUCUGAGCAAGGCUUAACACC
MIMAT0019721,CACCGGGGAUGGCAGAGGGUCG
MIMAT0015002,AUACACAUACACGCAACACACAU
MIMAT0019730,CAGGAUCCACAGAGCUAGUCCA
MIMAT0019732,AAAGAUAGACAAUUGGCUAAAU
MIMAT0019738,CUUCCGGUCUGUGAGCCCCGUC
MIMAT0019740,CUCGGCCGCGGCGCGUAGCCCCCGCC
MIMAT0019749,UGUGUCCGGGAAGUGGAGGAGG
MIMAT0019756,CUGGGCUCGGGACGCGCGGCU
MIMAT0019757,GGGGCUGUGAUUGACCAGCAGG
MIMAT0019758,GAGCCAGUGGUGAGACAGUGA
MIMAT0019762,AAGGUAUUGUUCAGACUUAUGA
MIMAT0019765,UCUGAAUUGUAAGAGUUGUUA
MIMAT0019772,UCUCCCUUCCUGCCCUGGCUAG
MIMAT0019771,CCCAGGGCUUGGAGUGGGGCAAGGUU
MIMAT0019775,UGGCUGUUGGAGGGGGCAGGC
MIMAT0019774,CAGCCCUCCUCCCGCACCCAAA
MIMAT0019778,UUGAGGAGACAUGGUGGGGGCC
MIMAT0019784,AUACUGUGAAUUUCACUGUCACA
MIMAT0019789,UGAUCUCACCGCUGCCUCCUUC
MIMAT0019796,UCUGGGGAUGAGGACAGUGUGU
MIMAT0019798,UUGGCCACCACACCUACCCCUU
MIMAT0019801,UAGCAAUACAGUACAAAUAUAGU
MIMAT0019806,AGCGGGGAGGAAGUGGGCGCUGCUU
MIMAT0019807,GCCCCGGCGCGGGCGGGUUCUGG
MIMAT0019815,GGGUGAGGGCAGGUGGUU
MIMAT0019817,CGUGUCUUCUGGCUUGAU
MIMAT0019820,UUCUCCCACUACCAGGCUCCCA
MIMAT0019827,AAGGGGGAAGGAAACAUGGAGA
MIMAT0019826,UCCAUGUUUCCUUCCCCCUUCU
MIMAT0019834,UGCUUAAGUUGUACCAAGUAU
MIMAT0019835,UGAGGGCUCCAGGUGACGGUGG
MIMAT0019836,GGCAGGAGGGCUGUGCCAGGUUG
MIMAT0019839,CCCUCUCUGGCUCCUCCCCAAA
MIMAT0019838,UGGGGGAGCCAUGAGAUAAGAGCA
MIMAT0019844,UGGGGAAGGCGUCAGUGUCGGG
MIMAT0019850,CAUGCUGACCUCCCUCCUGCCCCAG
MIMAT0019851,UCAUUUAUCUGUUGGGAAGCUA
MIMAT0019854,CACACAAGUGGCCCCCAACACU
MIMAT0019855,UGUAGAGCAGGGAGCAGGAAGCU
MIMAT0019861,AAAGGUGCUCAAAUUAGACAU
MIMAT0019868,AAGGGAGGAGGAGCGGAGGGGCCCU
MIMAT0019879,UGGCCCGGCGACGUCUCACGGUC
MIMAT0019878,UGAGUGGGGCUCCCGGGACGGCG
MIMAT0019886,CGCCCCUCCUGCCCCCACAG
MIMAT0019887,CUCGGGCGGAGGUGGUUGAGUG
MIMAT0019903,GUGAGUGGGAGCCGGUGGGGCUG
MIMAT0019905,UAGGACUAGAUGUUGGAAUUA
MIMAT0019913,AGGCAGGGGCUGGUGCUGGGCGGG
MIMAT0019916,UGAGUGAUUGAUAGCUAUGUUC
MIMAT0019926,UGAUCAGGCAAAAUUGCAGACU
MIMAT0019928,CAGAACAGGAGCAUAGAAAGGC
MIMAT0019929,UCUGGUAUGUAGUAGGUAAUAA
MIMAT0019934,UUCUAGAUGAGAGAUAUAUAUA
MIMAT0019936,AAUUCUGUAAAGGAAGAAGAGG
MIMAT0019938,UAGGAGGGAAUAGUAAAAGCAG
MIMAT0019947,CCCCGGUGUUGGGGCGCGUCUGC
MIMAT0019957,GAUGCGCCGCCCACUGCCCCGCGC
MIMAT0019956,GCGGGGGUGGCGGCGGCAUCCC
MIMAT0019958,UUACGGACCAGCUAAGGGAGGC
MIMAT0019963,UGGAUAUGAUGACUGAAA
MIMAT0019968,AGAAGUGGCUAAUAAUAUUGA
MIMAT0019971,UAAAGUGGCAGAGUAUAGACAC
MIMAT0019972,GACAGAGUGCCACUUACUGAA
MIMAT0019979,CAUCCGUCCGUCUGUCCAC
MIMAT0019984,UUGGACGGUAAGGUUAAGCAA
MIMAT0002173,UCACUCCUCUCCUCCCGUCUU
MIMAT0002174,UCAGGCUCAGUCCCCUCCCGAU
MIMAT0002176,GUCAUACACGGCUCUCCUCUCU
MIMAT0002175,AGAGGCUGGCCGUGAUGAAUUC
MIMAT0004762,CGGGGCAGCUCAGUACAGGAU
MIMAT0002177,UCCUGUACUGAGCUGCCCCGAG
MIMAT0002178,AAUCAUACAGGGACAUCCAGUU
MIMAT0003180,AAUCGUACAGGGUCAUCCACUU
MIMAT0004763,UUGAAAGGCUAUUUCUUGGUC
MIMAT0002805,GUGACAUCACAUAUACGGCAGC
MIMAT0002806,CAACCUGGAGGACUCCAUGCUG
MIMAT0004764,CCAUGGAUCUCCAGGUGGGU
MIMAT0002807,AGUGGGGAACCCUUCCAUGAGG
MIMAT0002812,AGGACCUGCGGGACAAGAUUCUU
MIMAT0003161,UGAAGGUCUACUGUGUGCCAGG
MIMAT0002816,UGAAACAUACACGGGAAACCUC
MIMAT0002817,AAACAAACAUGGUGCACUUCUU
MIMAT0002818,UGAGUAUUACAUGGCCAAUCUC
MIMAT0002820,CAGCAGCACACUGUGGUUUGU
MIMAT0002824,UUUCAAGCCAGGGGGCGUUUUUC
MIMAT0002870,UUAAGACUUGCAGUGAUGUUU
MIMAT0004773,UAAUCCUUGCUACCUGGGUGAGA
MIMAT0016925,AAUCCUUGCUACCUGGGU
MIMAT0002872,AAUCCUUUGUCCCUGGGUGAGA
MIMAT0004775,AAUGCACCUGGGCAAGGAUUCA
MIMAT0002873,AUCCUUGCUAUCUGGGUGCUA
MIMAT0002874,UAGCAGCGGGAACAGUUCUGCAG
MIMAT0002875,AGACCCUGGUCUGCACUCUAUC
MIMAT0002876,CGUCAACACUUGCUGGUUUCCU
MIMAT0002878,UAAGGCACCCUUCUGAGUAGA
MIMAT0002880,UGAUUGUAGCCUUUUGGAGUAGA
MIMAT0002881,UGAUUGGUACGUCUGUGGGUAG
MIMAT0002882,UACUCAGGAGAGUGGCAAUCAC
MIMAT0002823,AAGUGCUGUCAUAGCUGAGGUC
MIMAT0002822,CACUCAGCCUUGAGGGCACUUUC
MIMAT0004777,UAAAUUUCACCUUUCUGAGAAGG
MIMAT0002877,UUCACAGGGAGGUGUCAU
MIMAT0005788,UUCACAAGGAGGUGUCAUUUAU
MIMAT0005789,UUCUCAAGGAGGUGUCGUUUAU
MIMAT0002883,AUUGACACUUCUGUGAGUAGA
MIMAT0002827,GAGUGCCUUCUUUUGGAGCGUU
MIMAT0002826,UUCUCCAAAAGAAAGCACUUUCUG
MIMAT0006778,UGCUUCCUUUCAGAGGGU
MIMAT0004770,UUCUCGAGGAAAGAAGCACUUUC
MIMAT0002860,UGCUUCCUUUCAGAGGGU
MIMAT0002859,AUCUGGAGGUAAGAAGCACUUU
MIMAT0002852,AUCGUGCAUCCCUUUAGAGUGU
MIMAT0002857,AUCGUGCAUCCCUUUAGAGUGU
MIMAT0002866,AUCGUGCAUCCUUUUAGAGUGU
MIMAT0002863,GAAAGCGCUUCCCUUUGCUGGA
MIMAT0005457,CUGCAAAGGGAAGCCCUUUC
MIMAT0002844,CAAAGCGCUCCCCUUUAGAGGU
MIMAT0002848,CAAAGCGCUUCUCUUUAGAGUGU
MIMAT0002847,UCUCUGGAGGGAAGCACUUUCUG
MIMAT0002864,CAAAGCGCUUCCCUUUGGAGC
MIMAT0005456,CUCUAGAGGGAAGCACUUUCUG
MIMAT0002861,AAAGCGCUUCCCUUCAGAGUG
MIMAT0002842,GAAAGCGCUUCUCUUUAGAGG
MIMAT0002869,AAAGUGCAUCCUUUUAGAGUGU
MIMAT0002837,AAAGUGCAUCCUUUUAGAGGUU
MIMAT0002832,AAAGUGCAUCUUUUUAGAGGAU
MIMAT0002831,CUCUAGAGGGAAGCGCUUUCUG
MIMAT0002853,CAAAGUGCCUCCCUUUAGAGUG
MIMAT0002829,AAGUGCCUCCUUUUAGAGUGUU
MIMAT0002834,AAAGUGCUUCCCUUUGGACUGU
MIMAT0002843,AAAGUGCUUCCUUUUAGAGGG
MIMAT0002846,AAAGUGCUUCCUUUUAGAGGGU
MIMAT0002856,AAAGUGCUUCUCUUUGGUGGGU
MIMAT0002830,AAGUGCUUCCUUUUAGAGGGUU
MIMAT0002858,ACAAAGUGCUUCCCUUUAGAGUGU
MIMAT0002867,ACAAAGUGCUUCCCUUUAGAGU
MIMAT0002854,AACGCACUUCCCUUUAGAGUGU
MIMAT0002868,AAAAUGGUUCCCUUUAGAGUGU
MIMAT0002840,GAACGCGCUUCCCUAUAGAGGGU
MIMAT0002850,GAAGGCGCUUCCCUUUGGAGU
MIMAT0002849,CUACAAAGGGAAGCACUUUCUC
MIMAT0002839,GAAGGCGCUUCCCUUUAGAGCG
MIMAT0002838,CUCCAGAGGGAUGCACUUUCU
MIMAT0002845,CUCUAGAGGGAAGCACUUUCUG
MIMAT0002835,CUCUUGAGGGAAGCACUUUCUGU
MIMAT0004780,CCUCCCACACCCAAGGCUUGCA
MIMAT0002888,CAUGCCUUGAGUGUAGGACCGU
MIMAT0003163,GGAGAAAUUAUCCUUGGUGUGU
MIMAT0004920,UGGUGGGCACAGAAUCUGGACU
MIMAT0003389,UGUGACAGAUUGAUAACUGAAA
MIMAT0003340,UCGGGGAUCAUCAUGUCACGAGA
MIMAT0004954,AAACAUUCGCGGUGCACUUCUU
MIMAT0003164,AUUCUGCAUUUUUAGCAAGUUC
MIMAT0003165,UCAGCAAACAUUUAUUGUGUGC
MIMAT0003251,CAAAACUGGCAAUUACUUUUGC
MIMAT0003254,CAAGAACCUCAGUUGCUUUUGU
MIMAT0004798,AAAAGUAAUUGUGGUUUUGGCC
MIMAT0003285,CAAAAAUCUCAAUUACUUUUGC
MIMAT0004806,AAAAGUAAUUGCGGUUUUUGCC
MIMAT0003323,CAAAAACCACAGUUUCUUUUGC
MIMAT0004812,AAAAGUAAUUGUGGUUUUUGCC
MIMAT0026739,UGCAAAAGUAAUCACAGUUUUU
MIMAT0005928,AAAAGUAAUCGCGGUUUUUGUC
MIMAT0003333,UGACAACUAUGGAUGAGCUCU
MIMAT0003257,UGUCUUACUCCCUCAGGCACAU
MIMAT0004800,AGUGCCUGAGGGAGUAAGAGCCC
MIMAT0003214,GCGACCCACUCUUGGUUUCCA
MIMAT0003233,GCGACCCAUACUUGGUUUCAG
MIMAT0003215,AACAGGUGACUGGUUAGACAA
MIMAT0003216,AAAACGGUGAGAUUUUGUUUU
MIMAT0003219,AGGGUAAGCUGAACCUCUGAU
MIMAT0003220,GAUGAGCUCAUUGUAAUAUGAG
MIMAT0003221,GUUUGCACGGGUGGGCCUUGUCU
MIMAT0003222,UGAGCUGCUGUACCAAAAU
MIMAT0003223,UAAAGUAAAUAUGCACCAAAA
MIMAT0003225,CAAAGUUUAAGAUCCUUGAAGU
MIMAT0003227,AGGUUGACAUACGUUUCCC
MIMAT0003228,AGGCACGGUGUCAGCAGGC
MIMAT0003232,AUGUAUAAAUGUAUACACAC
MIMAT0003234,AGUUAAUGAAUCCUGGAAAGU
MIMAT0003235,CGAAAACAGCAAUUACCUUUGC
MIMAT0022496,AGGAGAAGUCGGGAAGGU
MIMAT0003236,UGAGUUGGCCAUCUGAGUGAG
MIMAT0003237,GUCCGCUCGGCGGUGGCCCA
MIMAT0003238,CUGAAGUGAUGUGUAACUGAUCAG
MIMAT0003239,CACGCUCAUGCACACACCCACA
MIMAT0004795,UGAGUGUGUGUGUGUGAGUGUGU
MIMAT0003240,GAGCCAGUUGGACAGGAGC
MIMAT0003241,AUUCUAAUUUCUCCACGUCUUU
MIMAT0003242,UAGAUAAAAUAUUGGUACCUG
MIMAT0003243,CUUCUUGUGCUCUAGGAUUGU
MIMAT0003244,UUCAUUUGGUAUAAACCGCGAUU
MIMAT0003246,UCUUGUGUUCUCUAGAUCAGU
MIMAT0003247,UUACAGUUGUUCAACCAGUUACU
MIMAT0003248,CAAAGAGGAAGGUCCCAUUAC
MIMAT0003249,UUAUGGUUUGCCUGGGACUGAG
MIMAT0003250,UGGGCGUAUCUGUAUGCUA
MIMAT0003252,UAUGCAUUGUAUUUUUAGGUCC
MIMAT0003253,UUUCCAUAGGUGAUGAGUCAC
MIMAT0003255,UUGGCCACAAUGGGUUAGAAC
MIMAT0003256,UCAGAACAAAUGCCGGUUCCCAGA
MIMAT0004799,UGAGAACCACGUCUGCUCUGAG
MIMAT0004801,UAAUUUUAUGUAUAAGCUAGU
MIMAT0003258,GAGCUUAUUCAUAAAAGUGCAG
MIMAT0003259,AGACCAUGGGUUCUCAUUGU
MIMAT0003260,UUGUGUCAAUAUGCGAUGAUGU
MIMAT0004802,UGUCUCUGCUGGGGUUUCU
MIMAT0003263,GAAGUGUGCCGUGGUGUGUCU
MIMAT0003264,AAGCCUGCCCGGCUCCUCGGG
MIMAT0003265,UGUGUCACUCGAUGACCACUGU
MIMAT0003266,UACGUCAUCGUUGUCAUCGUCA
MIMAT0026620,GCGGUGAUCCCGAUGGUGUGAGC
MIMAT0003269,UGGUCUAGGAUUGUUGGAGGAG
MIMAT0003270,GACACGGGCGACAGCUGCGGCCC
MIMAT0003271,CACACACUGCAAUUACUUUUGC
MIMAT0003273,UAAAUCCCAUGGUGCCUUCUCCU
MIMAT0003274,AAACUACUGAAAAUCAAAGAU
MIMAT0003275,GUUCAAAUCCAGAUCUAUAAC
MIMAT0003276,AGGGGUGGUGUUGGGACAGCUCCGU
MIMAT0003278,UGAGCUAAAUGUGUGCUGGGA
MIMAT0003279,GCGAGGACCCCUCGGGGUCUGAC
MIMAT0003280,GCUGGGCAGGGCUUCUGAGCUCCUU
MIMAT0003281,AGGAAUGUUCCUUCUUUGCC
MIMAT0024618,UGAGGUGGUAGGAUGUAGA
MIMAT0003282,GAACGCCUGUUCUUGCCAGGUGG
MIMAT0003283,UCCGAGCCUGGGUCUCCCUCUU
MIMAT0003286,AGACUUCCCAUUUGAAGGUGGC
MIMAT0003287,AAACUCUACUUGUCCUUCUGAGU
MIMAT0003289,AUGGAGAUAGAUAUAGAAAU
MIMAT0003290,GGCUAGCAACAGCGCUUACCU
MIMAT0003291,ACAGUCUGCUGAGGUUGGAGC
MIMAT0003292,AUCCCUUGCAGGGGCUGUUGGGU
MIMAT0004807,CACAAGGUAUUGGUAUUACCU
MIMAT0004808,GACUAUAGAACUUUCCCCCUCA
MIMAT0003294,AGGGGGAAAGUUCUAUAGUCC
MIMAT0003295,AGCUGUCUGAAAAUGUCUU
MIMAT0003296,GUGAGUCUCUAAGAAAAGAGGA
MIMAT0003297,UCUAGUAAGAGUGGCAGUCGA
MIMAT0004809,AUGCUGACAUAUUUACUAGAGG
MIMAT0003298,GUUCUCCCAACGUAAGCCCAGC
MIMAT0004810,UGGGUUUACGUUGGGAGAACU
MIMAT0003299,AGUAUUCUGUACCAGGGAAGGU
MIMAT0003300,AGACCUGGCCCAGACCUCAGC
MIMAT0003302,GUGUCUGCUUCCUGUGGGA
MIMAT0003303,CUAAUAGUAUCUACCACAAUAAA
MIMAT0003304,AACCAGCACCCCAACUUUGGAC
MIMAT0003305,ACUUGGGCACUGAAACAAUGUCC
MIMAT0003306,UGUGCUUGCUCGUCCCGCCCGCA
MIMAT0003307,ACUGGGGGCUUUCGGGCUCUGCGU
MIMAT0003308,AGGGAUCGCGGGCGGGUGGCGGCCU
MIMAT0003309,AUCGCUGCGGUUGCGAGCGCUGU
MIMAT0003310,AUGAUCCAGGAACCUGCCUCU
MIMAT0003311,AAAGACAUAGGAUAGAGUCACCUC
MIMAT0003312,GUCCCUCUCCAAAUGUGUCUUG
MIMAT0003313,ACUUGUAUGCUAGCUCAGGUAG
MIMAT0003314,AGUGUGGCUUUCUUAGAGC
MIMAT0003315,UCUAGGCUGGUACUGCUGA
MIMAT0003317,GUGGCUGCACUCACUUCCUUC
MIMAT0003319,AAACCUGUGUUGUUCAAGAGUC
MIMAT0003320,AGGAGGCAGCGCUCUCAGGAC
MIMAT0003321,UUUAGGAUAAGCUUGACUUUUG
MIMAT0003322,AAUGGCGCCACUAGGGUUGUG
MIMAT0003328,GUGUUGAAACAAUCUCUACUG
MIMAT0004814,UAUGUCUGCUGACCAUCACCUU
MIMAT0003330,UGGUGGGCCGCAGAACAUGUGC
MIMAT0003331,AUAAUACAUGGUUAACCUCUUU
MIMAT0003335,GGCAGGUUCUCACCCUCUCUAGG
MIMAT0003336,GGCGGAGGGAAGUAGGUCCGUUGGU
MIMAT0003337,CUUGGUUCAGGGAGGGUCCCCA
MIMAT0003338,UACCCAUUGCAUAUCGGAGUUG
MIMAT0003324,UGCCUGGGUCUCUGGCCUGCGCGU
MIMAT0003325,UCCCACGUUGUGGCCCAGCAG
MIMAT0003326,AGGCGGGGCGCCGCGGGACCGC
MIMAT0005949,UAUUCAUUUAUCCCCAGCCUACA
MIMAT0004952,ACCAGGAGGCUGAGGCCCCU
MIMAT0003881,UGUCACUCGGCUCGGCCCACUAC
MIMAT0010357,GUCCCUGAGUGUAUGUGGUG
MIMAT0003880,AGGAAGCCCUGGAGGGGCUGGAG
MIMAT0004284,UGGUGCGGAGAGGGCCCACAGUG
MIMAT0018204,CUGUCCUAAGGUUGUUGAGUU
MIMAT0004553,CAACAAAUCACAGUCUGCCAUA
MIMAT0000252,UGGAAGACUAGUGAUUUUGUUGUU
MIMAT0003493,AAAACCUUCAGAAGGAAAGAA
MIMAT0004926,AAGGAGCUUACAAUCUAGCUGGG
MIMAT0012734,GGGACCCAGGGAGAGACGUAAG
MIMAT0012735,CUUCCGCCCCGCCGGGCGUCG
MIMAT0004946,CUGUUGCCACUAACCUCAACCU
MIMAT0004945,UGCGGGGCUAGGGCUAACAGCA
MIMAT0003879,UUUGUGACCUGGUCCACUAACC
MIMAT0004957,CGGCUCUGGGUCUGUGGGGA
MIMAT0010313,GGGGCUGGGGCCGGGGCCGAGC
MIMAT0003945,UGGAGGAGAAGGAAGGUGAUG
MIMAT0003888,ACUCCAGCCCCACAGCCUCAGC
MIMAT0003882,UGCACCAUGGUUGUCUGAGCAUG
MIMAT0003887,CUGGGAUCUCCGGGGUCUUGGUU
MIMAT0003886,UGAGACCUCUGGGUUCUGAGCU
MIMAT0003948,UCCAGUACCACGUGUCAGGGCCA
MIMAT0004185,CAGUAACAAAGAUUCAUCCUUGU
MIMAT0004953,GCAGGAACUUGUGAGUCUCCU
MIMAT0004911,CUGCCCUGGCCCGAGGGACCGA
MIMAT0004923,CCUGGAAACACUGAGGUUGUG
MIMAT0004925,UGGUGGUUUACAAAGUAAUUCA
MIMAT0004950,UCCUCUUCUCCCUCCUCCCAG
MIMAT0004949,GUAGAGGAGAUGGCGCAGGG
MIMAT0004948,AGGCAGCGGGGUGUAGUGGAUA
MIMAT0004947,UCCAUUACACUACCCUGCCUCU
MIMAT0004951,GUGAACGGGCGCCAUCCCGAGG
MIMAT0026720,CUUGGGAGCCCUGUUAGACUC
MIMAT0004916,UACUCAAAAAGCUGUCAGUCA
MIMAT0004921,UUAAUAUCGGACAACCAUUGU
MIMAT0026719,AAUGGCUGUCCGUAGUAUGGUC
MIMAT0004902,UGCAACGAACCUGAGCCACUGA
MIMAT0004913,UGCAACUUACCUGAGUCAUUGA
MIMAT0004907,CACUGUGUCCUUUCUGCGUAG
MIMAT0004918,CACUGGCUCCUUUCUGGGUAGA
MIMAT0000442,AUAAAGCUAGAUAACCGAAAGU
MIMAT0000441,UCUUUGGUUAUCUAGCUGUAUGA
MIMAT0004970,GGGGAGCUGUGGAAGCAGUA
MIMAT0004971,CUAGUGAGGGACAGAACCAGGAUUC
MIMAT0004972,GCAGCAGAGAAUAGGACUACGUC
MIMAT0004974,AGAGUCUUGUGAUGUCUUGC
MIMAT0004507,AGGUUGGGAUCGGUUGCAAUGCU
MIMAT0004508,GGGUGGGGAUUUGUUGCAUUAC
MIMAT0000092,UAUUGCACUUGUCCCGGCCUGU
MIMAT0003218,UAUUGCACUCGUCCCGGCCUCC
MIMAT0000093,CAAAGUGCUGUUCGUGCAGGUAG
MIMAT0004976,UGUGCGCAGGGAGACCUCUCCC
MIMAT0004977,UGUCUACUACUGGAGACACUGG
MIMAT0004978,CCAGUUACCGCUUCCGCUACCGC
MIMAT0004981,UGCCCUUAAAGGUGAACCCAGU
MIMAT0004982,UGGGGAGCUGAGGCUCUGGGGGUG
MIMAT0026473,UCAAUAAAUGUCUGUUGAAUU
MIMAT0000095,UUUGGCACUAGCACAUUUUUGCU
MIMAT0000096,UGAGGUAGUAAGUUGUAUUGUU
MIMAT0000097,AACCCGUAGAUCCGAUCUUGUG
MIMAT0000689,CACCCGUAGAACCGACCUUGCG
MIMAT0005582,GUGGGCGGGGGCAGGUGUGUG
MIMAT0004561,GGCUACAACACAGGACCCGGGC
MIMAT0004513,CAGUUAUCACAGUGCUGAUGCU
MIMAT0000444,CAUUAUUACUUUUGGUACGCG
MIMAT0005877,UGCAGGACCAAGAUGAGCCCU
MIMAT0004614,UGGGUCUUUGCGGGCGAGAUGA
MIMAT0014988,UAGAGGAAGCUGUGGAGAGA
MIMAT0000771,CCUAGUAGGUGUCCAGUAAGUGU
MIMAT0019876,UUUAGUGUGAUAAUGGCGUUUGA
MIMAT0000734,UGGUUGACCAUAGAACAUGCGC
MIMAT0019359,AAAGGUCAUUGUAAGGUUAAUGC
MIMAT0004813,UAUGUAACACGGUCCACUAACC
MIMAT0009203,CAGCCACAACUACCCUGCCACU
MIMAT0019689,AUAUGCCUGGCUAGCUCCUC
MIMAT0019697,UUGCUAAGUAGGCUGAGAUUGA
MIMAT0019733,UUGCCAUGUCUAAGAAGAA
MIMAT0019745,AGGGAAAAAAAAAAGGAUUUGUC
MIMAT0019848,AUAGUGGGAAGCUGGCAGAUUC
MIMAT0019919,CGCGGGCGCUCCUGGCCGCCGCC
MIMAT0019920,AUUCUCUCUGGAUCCCAUGGAU
MIMAT0002825,AAAGUGCUUCCUUUUUGAGGG
MIMAT0004979,ACAGUAGAGGGAGGAAUCGCAG
MIMAT0004983,AAGGCAGGGCCCCCGCUCCCC
MIMAT0000260,UGGUUCUAGACUUGCCAACUA
MIMAT0004784,GCAGUCCAUGGGCAUAUACAC
MIMAT0004683,AACACACCUAUUCAAGGAUUCA
MIMAT0004796,AAGAUGUGGAAAAAUUGGAAUC
MIMAT0002828,UUCUCCAAAAGGGAGCACUUUC
MIMAT0004694,AGGGGUGCUAUCUGUGAUUGA
MIMAT0004693,UCUCUGGGCCUGUGUCUUAGGC
MIMAT0004679,GAGGGUUGGGUGGAGGCUCUCC
MIMAT0004804,GGGGGUCCCCGGUGCUCGGAUC
MIMAT0019213,UCCCUACCCCUCCACUCCCCA
MIMAT0004778,UACUCCAGAGGGCGUCACUCAUG
MIMAT0003386,GUAGAUUCUCCUUCUAUGAGUA
MIMAT0002833,CUCCAGAGGGAAGUACUUUCU
MIMAT0004552,UGGAGACGCGGCCCUGUUGGAGU
MIMAT0004571,CAUCUUACUGGGCAGCAUUGGA
MIMAT0004792,AGGGACGGGACGCGGUGCAGUG
MIMAT0004494,CAACACCAGUCGAUGGGCUGU
MIMAT0001343,AUCGGGAAUGUCGUGUCCGCCC
MIMAT0004701,AACAAUAUCCUGGUGCUGAGUG
MIMAT0004502,CACUAGAUUGUGAGCUCCUGGA
MIMAT0005455,CUCUAGAGGGAAGCACUUUCUG
MIMAT0005948,ACUGGCUAGGGAAAAUGAUUGGAU
MIMAT0004761,AAGACGGGAGGAAAGAAGGGAG
MIMAT0004765,CUUAUGCAAGAUUCCCUUCUAC
MIMAT0006790,CUGUAUGCCCUCACCGCUCA
MIMAT0004797,UAACUGGUUGAACAACUGAACC
MIMAT0022721,CCCCGGGAACGUCGAGACUGGAGC
MIMAT0004512,CAAGCUUGUAUCUAUAGGUAUG
MIMAT0022693,GCUGGGAAGGCAAAGGGACGU
MIMAT0007890,GGAGGGGUCCCGCACUGGGAGG
MIMAT0026614,GUGGUUAUCCCUGUCCUGUUCG
MIMAT0004811,CAGUGCCUCGGCAGUGCAGCCC
MIMAT0004749,CAAAACGUGAGGCGCUGCUAU
MIMAT0027550,UGGGGAGGUGUGGAGUCAGCAU
MIMAT0027590,CGGGGCCAGAGCAGAGAGC
MIMAT0027673,UGCCCUUCUCUCCUCCUGCCU
MIMAT0004779,UACUGCAGACAGUGGCAAUCA
MIMAT0015073,UCUGGCCAGCUACGUCCCCA
MIMAT0004509,ACUGCUGAGCUAGCACUUCCCG
MIMAT0004927,CAACUAGACUGUGAGCUUCUAG
MIMAT0004484,CUAUACGACCUGCUGCCUUUCU
MIMAT0004774,AAUGCACCCGGGCAAGGAUUCU
MIMAT0005872,UCAGCUGGCCCUCAUUUC
MIMAT0005450,CUCUAGAGGGAAGCGCUUUCUG
MIMAT0026480,UCAUUUUUGUGAUGUUGCAGCU
MIMAT0004517,CUGCAAUGUAAGCACUUCUUAC
MIMAT0004613,CUCCCACAUGCAGGGUUUGCA
MIMAT0004658,CUCCUACAUAUUAGCAUUAACA
MIMAT0004752,ACUGUAGUAUGGGCACUUCCAG
MIMAT0004768,CAAACCACACUGUGGUGUUAGA
MIMAT0004611,AGGGGCUGGCUUUCCUCUGGUC
MIMAT0022942,GUGGGUAGGGUUUGGGGGAGAGCG
MIMAT0002813,UUGUACAUGGUAGGCUUUCAUU
MIMAT0005573,UGAGCCCCUGUGCCGCCCCCAG
MIMAT0002879,UUUUGCACCUUUUGGAGUGAA
MIMAT0003293,UAGUACCAGUACCUUGUGUUCA
MIMAT0004924,UGGAUUUCUUUGUGAAUCACCA
MIMAT0004975,UACUGCAGACGUGGCAAUCAUG
MIMAT0000094,UUCAACGGGUAUUUAUUGAGCA
MIMAT0005905,AGCCUGGAAGCUGGAGCCUGCAGU
MIMAT0005926,GGGCGACAAAGCAAGACUCUUUCUU
MIMAT0015090,GAACCCAUGAGGUUGAGGCUGCAGU
MIMAT0018079,UUGCUUGAACCCAGGAAGUGGA
MIMAT0020602,GGUGGUUGAGGCUGCAGUAAGU
MIMAT0023712,UGAGGCGGGGGGGCGAGC
MIMAT0022742,ACCACUGCACUCCAGCCUGAG
MIMAT0009454,ACUCCCACUGCUUCACUUGACU
MIMAT0017985,ACUGUAAACGCUUUCUGAUG
MIMAT0018073,CUAAGAAGUUGACUGAAG
MIMAT0018096,UAUGGAAUGUAUAUACGGAAU
MIMAT0018100,UCCGUGUUUCCCCCACGCUU
MIMAT0018115,CCCGGACAGGCGUUCGUGCGACGU
MIMAT0019034,GAGGCUGAAGGAAGAUGG
MIMAT0019071,CCCCGGGGAGCCCGGCG
MIMAT0020603,GUUUCACCAUGUUGGUCAGGC
